,ID,city_name,Latitude,Longitude,Temp j0,Temp j+1,Temp j+2,Temp j+3,Temp j+4,Temp j+5,Temp j+6,Temp j+7,Alerte j0,Alerte j+1,Alerte j+2,Alerte j+3,Alerte j+4,Alerte j+5,Alerte j+6,Alerte j+7,Avg Temp,hotel_name,hotel_url,hotel_coord,hotel_score,hotel_text,hotel_lat,hotel_lon
0,18,Cassis,43.2140359,5.5396317999999996,19.57,19.2,18.74,18.66,18.32,18.78,18.56,18.68,clear sky,scattered clouds,clear sky,few clouds,clear sky,broken clouds,few clouds,clear sky,18.81375,THE ADDRESS CASSIS,"https://www.booking.com/hotel/fr/the-address-cassis.fr.html?aid=304142&label=gen173nr-1FCAEoggI46AdIM1gEaE2IAQGYAQ24ARnIAQzYAQHoAQH4AQuIAgGoAgO4AtqckYsGwAIB0gIkNWVlZWJmYjQtYjUwYy00ODM2LTljNzYtOThjNDUwNjcyMWNh2AIG4AIB&sid=0deca2b9733251f456d2b3ca01f85f61&dest_id=-1416912&dest_type=city&from_beach_non_key_ufi_sr=1&group_adults=2&group_children=0&hapos=1&hpos=1&no_rooms=1&sr_order=bayesian_review_score&srepoch=1634221530&srpvid=a66e656c60c40067&ucfs=1&sig=v1g70kry41&from=searchresults
;highlight_room=#hotelTmpl","['43.2203981', '5.5412141']","9,8","Situé à Cassis, à 1,1 km de Bestouan, l’établissement THE ADDRESS CASSIS propose un hébergement avec une piscine extérieure, un parking privé gratuit, un bar et un salon commun.",43.2203981,5.5412141
1,18,Cassis,43.2140359,5.5396317999999996,19.57,19.2,18.74,18.66,18.32,18.78,18.56,18.68,clear sky,scattered clouds,clear sky,few clouds,clear sky,broken clouds,few clouds,clear sky,18.81375,T2 VUE IMPRENABLE SUR CASSIS,"https://www.booking.com/hotel/fr/t2-vue-imprenable-sur-cassis.fr.html?aid=304142&label=gen173nr-1FCAEoggI46AdIM1gEaE2IAQGYAQ24ARnIAQzYAQHoAQH4AQuIAgGoAgO4AtqckYsGwAIB0gIkNWVlZWJmYjQtYjUwYy00ODM2LTljNzYtOThjNDUwNjcyMWNh2AIG4AIB&sid=0deca2b9733251f456d2b3ca01f85f61&dest_id=-1416912&dest_type=city&from_beach_non_key_ufi_sr=1&group_adults=2&group_children=0&hapos=20&hpos=20&no_rooms=1&sr_order=bayesian_review_score&srepoch=1634221530&srpvid=a66e656c60c40067&ucfs=1&sig=v1-kwYkniA&from=searchresults
;highlight_room=#hotelTmpl","['43.21400451660156', '5.53297233581543']","9,7","Situé à Cassis, à 300 mètres de Bestouan, le T2 VUE IMPRENABLE SUR CASSIS propose un hébergement avec un casino, une connexion Wi-Fi gratuite et une cuisine commune.",43.21400451660156,5.53297233581543
2,18,Cassis,43.2140359,5.5396317999999996,19.57,19.2,18.74,18.66,18.32,18.78,18.56,18.68,clear sky,scattered clouds,clear sky,few clouds,clear sky,broken clouds,few clouds,clear sky,18.81375,Chambre d'hôtes Clos du Petit Jésus,"https://www.booking.com/hotel/fr/clos-du-petit-ja-c-sus.fr.html?aid=304142&label=gen173nr-1FCAEoggI46AdIM1gEaE2IAQGYAQ24ARnIAQzYAQHoAQH4AQuIAgGoAgO4AtqckYsGwAIB0gIkNWVlZWJmYjQtYjUwYy00ODM2LTljNzYtOThjNDUwNjcyMWNh2AIG4AIB&sid=0deca2b9733251f456d2b3ca01f85f61&dest_id=-1416912&dest_type=city&from_beach_non_key_ufi_sr=1&group_adults=2&group_children=0&hapos=6&hpos=6&no_rooms=1&sr_order=bayesian_review_score&srepoch=1634221530&srpvid=a66e656c60c40067&ucfs=1&sig=v1ebdMZpfN&from=searchresults
;highlight_room=#hotelTmpl","['43.2155181', '5.545973']","9,6","Situé à Cassis, à seulement 5 minutes à pied de la plage, le Clos du Petit Jésus propose une piscine extérieure, une terrasse privée et un espace de bronzage.",43.2155181,5.545973
3,18,Cassis,43.2140359,5.5396317999999996,19.57,19.2,18.74,18.66,18.32,18.78,18.56,18.68,clear sky,scattered clouds,clear sky,few clouds,clear sky,broken clouds,few clouds,clear sky,18.81375,Puerta Del Sol,"https://www.booking.com/hotel/fr/puerta-del-sol.fr.html?aid=304142&label=gen173nr-1FCAEoggI46AdIM1gEaE2IAQGYAQ24ARnIAQzYAQHoAQH4AQuIAgGoAgO4AtqckYsGwAIB0gIkNWVlZWJmYjQtYjUwYy00ODM2LTljNzYtOThjNDUwNjcyMWNh2AIG4AIB&sid=0deca2b9733251f456d2b3ca01f85f61&dest_id=-1416912&dest_type=city&from_beach_non_key_ufi_sr=1&group_adults=2&group_children=0&hapos=19&hpos=19&no_rooms=1&sr_order=bayesian_review_score&srepoch=1634221530&srpvid=a66e656c60c40067&ucfs=1&sig=v1nvvAaI3H&from=searchresults
;highlight_room=#hotelTmpl","['43.226996', '5.5346055']","9,6","Situé à Cassis, à 1,7 km de Bestouan et à 7 km du cap Canaille, le Puerta Del Sol dispose d'une terrasse et de la climatisation.",43.226996,5.5346055
4,18,Cassis,43.2140359,5.5396317999999996,19.57,19.2,18.74,18.66,18.32,18.78,18.56,18.68,clear sky,scattered clouds,clear sky,few clouds,clear sky,broken clouds,few clouds,clear sky,18.81375,Villa Le Sud,"https://www.booking.com/hotel/fr/villa-le-sud-cassis.fr.html?aid=304142&label=gen173nr-1FCAEoggI46AdIM1gEaE2IAQGYAQ24ARnIAQzYAQHoAQH4AQuIAgGoAgO4AtqckYsGwAIB0gIkNWVlZWJmYjQtYjUwYy00ODM2LTljNzYtOThjNDUwNjcyMWNh2AIG4AIB&sid=0deca2b9733251f456d2b3ca01f85f61&dest_id=-1416912&dest_type=city&from_beach_non_key_ufi_sr=1&group_adults=2&group_children=0&hapos=3&hpos=3&no_rooms=1&sr_order=bayesian_review_score&srepoch=1634221530&srpvid=a66e656c60c40067&ucfs=1&sig=v1JwiCK4D5&from=searchresults
;highlight_room=#hotelTmpl","['43.2124', '5.5451']","9,5","Située à Cassis, la Villa Le Sud propose une piscine extérieure et une connexion Wi-Fi gratuite. L'hébergement se trouve à 2,5 km des falaises de Cassis.",43.2124,5.5451
5,18,Cassis,43.2140359,5.5396317999999996,19.57,19.2,18.74,18.66,18.32,18.78,18.56,18.68,clear sky,scattered clouds,clear sky,few clouds,clear sky,broken clouds,few clouds,clear sky,18.81375,La Demeure Insoupçonnée,"https://www.booking.com/hotel/fr/la-demeure-insoupconnee.fr.html?aid=304142&label=gen173nr-1FCAEoggI46AdIM1gEaE2IAQGYAQ24ARnIAQzYAQHoAQH4AQuIAgGoAgO4AtqckYsGwAIB0gIkNWVlZWJmYjQtYjUwYy00ODM2LTljNzYtOThjNDUwNjcyMWNh2AIG4AIB&sid=0deca2b9733251f456d2b3ca01f85f61&dest_id=-1416912&dest_type=city&from_beach_non_key_ufi_sr=1&group_adults=2&group_children=0&hapos=4&hpos=4&no_rooms=1&sr_order=bayesian_review_score&srepoch=1634221530&srpvid=a66e656c60c40067&ucfs=1&sig=v1PVg-fLzF&from=searchresults
;highlight_room=#hotelTmpl","['43.2193157', '5.5471314']","9,5","Situé à Cassis, à seulement 10 minutes à pied du front de mer, la chambre d'hôtes La Demeure Insoupçonnée offre une vue panoramique sur la mer, les vignes et le Cap Canaille.",43.2193157,5.5471314
6,18,Cassis,43.2140359,5.5396317999999996,19.57,19.2,18.74,18.66,18.32,18.78,18.56,18.68,clear sky,scattered clouds,clear sky,few clouds,clear sky,broken clouds,few clouds,clear sky,18.81375,Villa le sud appartements,"https://www.booking.com/hotel/fr/villa-le-sud-cassis1.fr.html?aid=304142&label=gen173nr-1FCAEoggI46AdIM1gEaE2IAQGYAQ24ARnIAQzYAQHoAQH4AQuIAgGoAgO4AtqckYsGwAIB0gIkNWVlZWJmYjQtYjUwYy00ODM2LTljNzYtOThjNDUwNjcyMWNh2AIG4AIB&sid=0deca2b9733251f456d2b3ca01f85f61&dest_id=-1416912&dest_type=city&from_beach_non_key_ufi_sr=1&group_adults=2&group_children=0&hapos=5&hpos=5&no_rooms=1&sr_order=bayesian_review_score&srepoch=1634221530&srpvid=a66e656c60c40067&ucfs=1&sig=v1TwplhqBt&from=searchresults
;highlight_room=#hotelTmpl","['5.55305', '43.233049']","9,5","Doté d'un jardin, d'une terrasse et d'une piscine commune, l'établissement Villa le sud appartements vous accueille à Cassis, à 4,4 km du Cap Canaille.",5.55305,43.233049
7,18,Cassis,43.2140359,5.5396317999999996,19.57,19.2,18.74,18.66,18.32,18.78,18.56,18.68,clear sky,scattered clouds,clear sky,few clouds,clear sky,broken clouds,few clouds,clear sky,18.81375,Guest House Olivades,"https://www.booking.com/hotel/fr/guest-house-olivades.fr.html?aid=304142&label=gen173nr-1FCAEoggI46AdIM1gEaE2IAQGYAQ24ARnIAQzYAQHoAQH4AQuIAgGoAgO4AtqckYsGwAIB0gIkNWVlZWJmYjQtYjUwYy00ODM2LTljNzYtOThjNDUwNjcyMWNh2AIG4AIB&sid=0deca2b9733251f456d2b3ca01f85f61&dest_id=-1416912&dest_type=city&from_beach_non_key_ufi_sr=1&group_adults=2&group_children=0&hapos=8&hpos=8&no_rooms=1&sr_order=bayesian_review_score&srepoch=1634221530&srpvid=a66e656c60c40067&ucfs=1&sig=v17QvulMMv&from=searchresults
;highlight_room=#hotelTmpl","['5.55305', '43.233049']","9,5","Doté d'un jardin et d'une terrasse, le Guest House Olivades propose un hébergement avec une connexion Wi-Fi gratuite et une vue sur la piscine à Cassis.",5.55305,43.233049
8,18,Cassis,43.2140359,5.5396317999999996,19.57,19.2,18.74,18.66,18.32,18.78,18.56,18.68,clear sky,scattered clouds,clear sky,few clouds,clear sky,broken clouds,few clouds,clear sky,18.81375,SunSet Cassis,"https://www.booking.com/hotel/fr/sunset-cassis.fr.html?aid=304142&label=gen173nr-1FCAEoggI46AdIM1gEaE2IAQGYAQ24ARnIAQzYAQHoAQH4AQuIAgGoAgO4AtqckYsGwAIB0gIkNWVlZWJmYjQtYjUwYy00ODM2LTljNzYtOThjNDUwNjcyMWNh2AIG4AIB&sid=0deca2b9733251f456d2b3ca01f85f61&dest_id=-1416912&dest_type=city&from_beach_non_key_ufi_sr=1&group_adults=2&group_children=0&hapos=9&hpos=9&no_rooms=1&sr_order=bayesian_review_score&srepoch=1634221530&srpvid=a66e656c60c40067&ucfs=1&sig=v14J8nuMD1&from=searchresults
;highlight_room=#hotelTmpl","['43.2155102', '5.5356877']","9,5","Situé à Cassis, à moins de 400 mètres de Bestouan et à 6 km du cap Canaille, le SunSet Cassis propose des hébergements avec une connexion Wi-Fi gratuite, la climatisation, un jardin et une terrasse.",43.2155102,5.5356877
9,18,Cassis,43.2140359,5.5396317999999996,19.57,19.2,18.74,18.66,18.32,18.78,18.56,18.68,clear sky,scattered clouds,clear sky,few clouds,clear sky,broken clouds,few clouds,clear sky,18.81375,Villa Bobnell,"https://www.booking.com/hotel/fr/villa-bobnell.fr.html?aid=304142&label=gen173nr-1FCAEoggI46AdIM1gEaE2IAQGYAQ24ARnIAQzYAQHoAQH4AQuIAgGoAgO4AtqckYsGwAIB0gIkNWVlZWJmYjQtYjUwYy00ODM2LTljNzYtOThjNDUwNjcyMWNh2AIG4AIB&sid=0deca2b9733251f456d2b3ca01f85f61&dest_id=-1416912&dest_type=city&from_beach_non_key_ufi_sr=1&group_adults=2&group_children=0&hapos=14&hpos=14&no_rooms=1&sr_order=bayesian_review_score&srepoch=1634221530&srpvid=a66e656c60c40067&ucfs=1&sig=v1LIJrJAGC&from=searchresults
;highlight_room=#hotelTmpl","['43.2124', '5.5451']","9,5","Située à Cassis, la Villa Bobnell est un hébergement indépendant doté d'un jardin et d'une terrasse avec barbecue. Une connexion Wi-Fi est disponible gratuitement.",43.2124,5.5451
10,18,Cassis,43.2140359,5.5396317999999996,19.57,19.2,18.74,18.66,18.32,18.78,18.56,18.68,clear sky,scattered clouds,clear sky,few clouds,clear sky,broken clouds,few clouds,clear sky,18.81375,Le petit cassis vue mer appartement 70m2,"https://www.booking.com/hotel/fr/le-petit-cassis-cassis.fr.html?aid=304142&label=gen173nr-1FCAEoggI46AdIM1gEaE2IAQGYAQ24ARnIAQzYAQHoAQH4AQuIAgGoAgO4AtqckYsGwAIB0gIkNWVlZWJmYjQtYjUwYy00ODM2LTljNzYtOThjNDUwNjcyMWNh2AIG4AIB&sid=0deca2b9733251f456d2b3ca01f85f61&dest_id=-1416912&dest_type=city&from_beach_non_key_ufi_sr=1&group_adults=2&group_children=0&hapos=16&hpos=16&no_rooms=1&sr_order=bayesian_review_score&srepoch=1634221530&srpvid=a66e656c60c40067&ucfs=1&sig=v1DrRfAf61&from=searchresults
;highlight_room=#hotelTmpl","['43.23284149169922', '5.541220188140869']","9,5","Situé à Cassis, Le petit cassis vue mer appartement 70m2 propose un hébergement indépendant avec une piscine extérieure.",43.23284149169922,5.541220188140869
11,18,Cassis,43.2140359,5.5396317999999996,19.57,19.2,18.74,18.66,18.32,18.78,18.56,18.68,clear sky,scattered clouds,clear sky,few clouds,clear sky,broken clouds,few clouds,clear sky,18.81375,Cassis Ma Vie Là,"https://www.booking.com/hotel/fr/cassis-ma-vie-la.fr.html?aid=304142&label=gen173nr-1FCAEoggI46AdIM1gEaE2IAQGYAQ24ARnIAQzYAQHoAQH4AQuIAgGoAgO4AtqckYsGwAIB0gIkNWVlZWJmYjQtYjUwYy00ODM2LTljNzYtOThjNDUwNjcyMWNh2AIG4AIB&sid=0deca2b9733251f456d2b3ca01f85f61&dest_id=-1416912&dest_type=city&from_beach_non_key_ufi_sr=1&group_adults=2&group_children=0&hapos=2&hpos=2&no_rooms=1&sr_order=bayesian_review_score&srepoch=1634221530&srpvid=a66e656c60c40067&ucfs=1&sig=v1R_lAQJnI&from=searchresults
;highlight_room=#hotelTmpl","['43.2168086', '5.5413447']","9,4","Installé à Cassis, à moins de 5 km du cap Canaille, le Cassis Ma Vie Là est un hébergement offrant une vue sur le jardin.",43.2168086,5.5413447
12,18,Cassis,43.2140359,5.5396317999999996,19.57,19.2,18.74,18.66,18.32,18.78,18.56,18.68,clear sky,scattered clouds,clear sky,few clouds,clear sky,broken clouds,few clouds,clear sky,18.81375,La douceur de Cassis,"https://www.booking.com/hotel/fr/la-douceur-de-cassis.fr.html?aid=304142&label=gen173nr-1FCAEoggI46AdIM1gEaE2IAQGYAQ24ARnIAQzYAQHoAQH4AQuIAgGoAgO4AtqckYsGwAIB0gIkNWVlZWJmYjQtYjUwYy00ODM2LTljNzYtOThjNDUwNjcyMWNh2AIG4AIB&sid=0deca2b9733251f456d2b3ca01f85f61&dest_id=-1416912&dest_type=city&from_beach_non_key_ufi_sr=1&group_adults=2&group_children=0&hapos=10&hpos=10&no_rooms=1&sr_order=bayesian_review_score&srepoch=1634221530&srpvid=a66e656c60c40067&ucfs=1&sig=v1cKWYXrYv&from=searchresults
;highlight_room=#hotelTmpl","['43.2149482', '5.5308259']","9,4","Situé à Cassis, à 200 mètres de Bestouan, l'établissement La douceur de Cassis propose un bar, une connexion Wi-Fi gratuite et une réception ouverte 24h/24.",43.2149482,5.5308259
13,18,Cassis,43.2140359,5.5396317999999996,19.57,19.2,18.74,18.66,18.32,18.78,18.56,18.68,clear sky,scattered clouds,clear sky,few clouds,clear sky,broken clouds,few clouds,clear sky,18.81375,CASSIS CENTER,"https://www.booking.com/hotel/fr/cassis-center.fr.html?aid=304142&label=gen173nr-1FCAEoggI46AdIM1gEaE2IAQGYAQ24ARnIAQzYAQHoAQH4AQuIAgGoAgO4AtqckYsGwAIB0gIkNWVlZWJmYjQtYjUwYy00ODM2LTljNzYtOThjNDUwNjcyMWNh2AIG4AIB&sid=0deca2b9733251f456d2b3ca01f85f61&dest_id=-1416912&dest_type=city&from_beach_non_key_ufi_sr=1&group_adults=2&group_children=0&hapos=11&hpos=11&no_rooms=1&sr_order=bayesian_review_score&srepoch=1634221530&srpvid=a66e656c60c40067&ucfs=1&sig=v1qlBLrqs6&from=searchresults
;highlight_room=#hotelTmpl","['43.2151009', '5.5420313']","9,4","Situé à Cassis, à moins de 1 km de Bestouan et à 5 km du cap Canaille, le CASSIS CENTER propose un hébergement climatisé avec une terrasse et une connexion Wi-Fi gratuite.",43.2151009,5.5420313
14,18,Cassis,43.2140359,5.5396317999999996,19.57,19.2,18.74,18.66,18.32,18.78,18.56,18.68,clear sky,scattered clouds,clear sky,few clouds,clear sky,broken clouds,few clouds,clear sky,18.81375,Appart Port Cassis Village Parking,"https://www.booking.com/hotel/fr/appartement-port-rue-michel-arnaud.fr.html?aid=304142&label=gen173nr-1FCAEoggI46AdIM1gEaE2IAQGYAQ24ARnIAQzYAQHoAQH4AQuIAgGoAgO4AtqckYsGwAIB0gIkNWVlZWJmYjQtYjUwYy00ODM2LTljNzYtOThjNDUwNjcyMWNh2AIG4AIB&sid=0deca2b9733251f456d2b3ca01f85f61&dest_id=-1416912&dest_type=city&from_beach_non_key_ufi_sr=1&group_adults=2&group_children=0&hapos=12&hpos=12&no_rooms=1&sr_order=bayesian_review_score&srepoch=1634221530&srpvid=a66e656c60c40067&ucfs=1&sig=v1sn_PfwQS&from=searchresults
;highlight_room=#hotelTmpl","['43.214757', '5.5380065']","9,3","L'Appartement Port Cassis Village 6p. se situe à Cassis, à seulement 1 minute à pied du port, à 200 mètres de la plage et à 53 km d'Aix-en-Provence.",43.214757,5.5380065
15,18,Cassis,43.2140359,5.5396317999999996,19.57,19.2,18.74,18.66,18.32,18.78,18.56,18.68,clear sky,scattered clouds,clear sky,few clouds,clear sky,broken clouds,few clouds,clear sky,18.81375,Chez nous Cassis,"https://www.booking.com/hotel/fr/chez-nous-cassis.fr.html?aid=304142&label=gen173nr-1FCAEoggI46AdIM1gEaE2IAQGYAQ24ARnIAQzYAQHoAQH4AQuIAgGoAgO4AtqckYsGwAIB0gIkNWVlZWJmYjQtYjUwYy00ODM2LTljNzYtOThjNDUwNjcyMWNh2AIG4AIB&sid=0deca2b9733251f456d2b3ca01f85f61&dest_id=-1416912&dest_type=city&from_beach_non_key_ufi_sr=1&group_adults=2&group_children=0&hapos=17&hpos=17&no_rooms=1&sr_order=bayesian_review_score&srepoch=1634221530&srpvid=a66e656c60c40067&ucfs=1&sig=v1tPTBIf1i&from=searchresults
;highlight_room=#hotelTmpl","['43.226996', '5.5346055']","9,3","Situé à Cassis, en Provence-Alpes-Côte d'Azur, à proximité de Bestouan, l'établissement Chez nous Cassis propose un hébergement avec un parking privé gratuit.",43.226996,5.5346055
16,18,Cassis,43.2140359,5.5396317999999996,19.57,19.2,18.74,18.66,18.32,18.78,18.56,18.68,clear sky,scattered clouds,clear sky,few clouds,clear sky,broken clouds,few clouds,clear sky,18.81375,INDIGO,"https://www.booking.com/hotel/fr/indigo-cassis.fr.html?aid=304142&label=gen173nr-1FCAEoggI46AdIM1gEaE2IAQGYAQ24ARnIAQzYAQHoAQH4AQuIAgGoAgO4AtqckYsGwAIB0gIkNWVlZWJmYjQtYjUwYy00ODM2LTljNzYtOThjNDUwNjcyMWNh2AIG4AIB&sid=0deca2b9733251f456d2b3ca01f85f61&dest_id=-1416912&dest_type=city&from_beach_non_key_ufi_sr=1&group_adults=2&group_children=0&hapos=24&hpos=24&no_rooms=1&sr_order=bayesian_review_score&srepoch=1634221530&srpvid=a66e656c60c40067&ucfs=1&sig=v1iJE5az-0&from=searchresults
;highlight_room=#hotelTmpl","['43.2173779', '5.5376987']","9,3","Situé à Cassis, à moins de 1 km de Bestouan et à 5 km du cap Canaille, l'INDIGO propose un hébergement climatisé avec une terrasse et une connexion Wi-Fi gratuite.",43.2173779,5.5376987
17,18,Cassis,43.2140359,5.5396317999999996,19.57,19.2,18.74,18.66,18.32,18.78,18.56,18.68,clear sky,scattered clouds,clear sky,few clouds,clear sky,broken clouds,few clouds,clear sky,18.81375,HPC Suites,"https://www.booking.com/hotel/fr/hpc-suites.fr.html?aid=304142&label=gen173nr-1FCAEoggI46AdIM1gEaE2IAQGYAQ24ARnIAQzYAQHoAQH4AQuIAgGoAgO4AtqckYsGwAIB0gIkNWVlZWJmYjQtYjUwYy00ODM2LTljNzYtOThjNDUwNjcyMWNh2AIG4AIB&sid=0deca2b9733251f456d2b3ca01f85f61&dest_id=-1416912&dest_type=city&from_beach_non_key_ufi_sr=1&group_adults=2&group_children=0&hapos=7&hpos=7&no_rooms=1&sr_order=bayesian_review_score&srepoch=1634221530&srpvid=a66e656c60c40067&ucfs=1&sig=v1WhyvL3xg&from=searchresults
;highlight_room=#hotelTmpl","['43.2166294', '5.5418636']","9,2","Offrant une vue sur la mer et installé au sein d'un parc de 4 000 m2 dans le centre de Cassis, le HPC Suites possède une piscine extérieure commune entourée d'une terrasse.",43.2166294,5.5418636
18,18,Cassis,43.2140359,5.5396317999999996,19.57,19.2,18.74,18.66,18.32,18.78,18.56,18.68,clear sky,scattered clouds,clear sky,few clouds,clear sky,broken clouds,few clouds,clear sky,18.81375,Villa W,"https://www.booking.com/hotel/fr/villa-w.fr.html?aid=304142&label=gen173nr-1FCAEoggI46AdIM1gEaE2IAQGYAQ24ARnIAQzYAQHoAQH4AQuIAgGoAgO4AtqckYsGwAIB0gIkNWVlZWJmYjQtYjUwYy00ODM2LTljNzYtOThjNDUwNjcyMWNh2AIG4AIB&sid=0deca2b9733251f456d2b3ca01f85f61&dest_id=-1416912&dest_type=city&from_beach_non_key_ufi_sr=1&group_adults=2&group_children=0&hapos=13&hpos=13&no_rooms=1&sr_order=bayesian_review_score&srepoch=1634221530&srpvid=a66e656c60c40067&ucfs=1&sig=v1Pzv0Qo38&from=searchresults
;highlight_room=#hotelTmpl","['43.2187773', '5.5334906']","9,2","Située à seulement 500 mètres du port de Cassis, la Villa W dispose d'une piscine, d'un spa, d'un sauna et d'une salle de remise en forme.",43.2187773,5.5334906
19,18,Cassis,43.2140359,5.5396317999999996,19.57,19.2,18.74,18.66,18.32,18.78,18.56,18.68,clear sky,scattered clouds,clear sky,few clouds,clear sky,broken clouds,few clouds,clear sky,18.81375,La Bulle,"https://www.booking.com/hotel/fr/la-bulle-cassis.fr.html?aid=304142&label=gen173nr-1FCAEoggI46AdIM1gEaE2IAQGYAQ24ARnIAQzYAQHoAQH4AQuIAgGoAgO4AtqckYsGwAIB0gIkNWVlZWJmYjQtYjUwYy00ODM2LTljNzYtOThjNDUwNjcyMWNh2AIG4AIB&sid=0deca2b9733251f456d2b3ca01f85f61&dest_id=-1416912&dest_type=city&from_beach_non_key_ufi_sr=1&group_adults=2&group_children=0&hapos=15&hpos=15&no_rooms=1&sr_order=bayesian_review_score&srepoch=1634221530&srpvid=a66e656c60c40067&ucfs=1&sig=v1niO75xNe&from=searchresults
;highlight_room=#hotelTmpl","['43.2151009', '5.5420313']",9,"Situé à Cassis, l'appartement 3 étoiles La Bulle vous accueille à 5 km du cap Canaille. Vous apprécierez la vue sur le jardin et la ville.",43.2151009,5.5420313
20,18,Cassis,43.2140359,5.5396317999999996,19.57,19.2,18.74,18.66,18.32,18.78,18.56,18.68,clear sky,scattered clouds,clear sky,few clouds,clear sky,broken clouds,few clouds,clear sky,18.81375,Appartement T3 - RDC - CASSIS,"https://www.booking.com/hotel/fr/appartement-t3-rdc-cassis.fr.html?aid=304142&label=gen173nr-1FCAEoggI46AdIM1gEaE2IAQGYAQ24ARnIAQzYAQHoAQH4AQuIAgGoAgO4AtqckYsGwAIB0gIkNWVlZWJmYjQtYjUwYy00ODM2LTljNzYtOThjNDUwNjcyMWNh2AIG4AIB&sid=0deca2b9733251f456d2b3ca01f85f61&dest_id=-1416912&dest_type=city&from_beach_non_key_ufi_sr=1&group_adults=2&group_children=0&hapos=18&hpos=18&no_rooms=1&sr_order=bayesian_review_score&srepoch=1634221530&srpvid=a66e656c60c40067&ucfs=1&sig=v1DyG00bXb&from=searchresults
;highlight_room=#hotelTmpl","['43.2177703', '5.5359249']",9,"Offrant une vue sur la montagne, l'Appartement T3 - RDC - CASSIS propose un hébergement avec un balcon et une bouilloire, à environ 6 km du cap Canaille.",43.2177703,5.5359249
21,18,Cassis,43.2140359,5.5396317999999996,19.57,19.2,18.74,18.66,18.32,18.78,18.56,18.68,clear sky,scattered clouds,clear sky,few clouds,clear sky,broken clouds,few clouds,clear sky,18.81375,Appartement Plage Cassis Village parking,"https://www.booking.com/hotel/fr/appartement-plage-cassis-village-parking.fr.html?aid=304142&label=gen173nr-1FCAEoggI46AdIM1gEaE2IAQGYAQ24ARnIAQzYAQHoAQH4AQuIAgGoAgO4AtqckYsGwAIB0gIkNWVlZWJmYjQtYjUwYy00ODM2LTljNzYtOThjNDUwNjcyMWNh2AIG4AIB&sid=0deca2b9733251f456d2b3ca01f85f61&dest_id=-1416912&dest_type=city&from_beach_non_key_ufi_sr=1&group_adults=2&group_children=0&hapos=22&hpos=22&no_rooms=1&sr_order=bayesian_review_score&srepoch=1634221530&srpvid=a66e656c60c40067&ucfs=1&sig=v1OLgKQJJV&from=searchresults
;highlight_room=#hotelTmpl","['43.2135571', '5.5412198']",9,"Situé à Cassis, à 700 mètres de Bestouan, l'Appartement Plage Cassis Village parking propose un salon commun, une connexion Wi-Fi gratuite, une réception ouverte 24h/24 et une cuisine commune.",43.2135571,5.5412198
22,18,Cassis,43.2140359,5.5396317999999996,19.57,19.2,18.74,18.66,18.32,18.78,18.56,18.68,clear sky,scattered clouds,clear sky,few clouds,clear sky,broken clouds,few clouds,clear sky,18.81375,Au Petit chez Soi,"https://www.booking.com/hotel/fr/le-16.fr.html?aid=304142&label=gen173nr-1FCAEoggI46AdIM1gEaE2IAQGYAQ24ARnIAQzYAQHoAQH4AQuIAgGoAgO4AtqckYsGwAIB0gIkNWVlZWJmYjQtYjUwYy00ODM2LTljNzYtOThjNDUwNjcyMWNh2AIG4AIB&sid=0deca2b9733251f456d2b3ca01f85f61&dest_id=-1416912&dest_type=city&from_beach_non_key_ufi_sr=1&group_adults=2&group_children=0&hapos=23&hpos=23&no_rooms=1&sr_order=bayesian_review_score&srepoch=1634221530&srpvid=a66e656c60c40067&ucfs=1&sig=v1CToMj5pK&from=searchresults
;highlight_room=#hotelTmpl","['43.215341459652095', ' 5.538321913445574']","8,9","L'établissement Au Petit chez Soi est situé sur le front de mer à Cassis, à 500 mètres de Bestouan et à 5 km du cap Canaille.",43.215341459652095,5.538321913445574
23,18,Cassis,43.2140359,5.5396317999999996,19.57,19.2,18.74,18.66,18.32,18.78,18.56,18.68,clear sky,scattered clouds,clear sky,few clouds,clear sky,broken clouds,few clouds,clear sky,18.81375,Hôtel Les Roches Blanches Cassis,"https://www.booking.com/hotel/fr/des-roches-blanches.fr.html?aid=304142&label=gen173nr-1FCAEoggI46AdIM1gEaE2IAQGYAQ24ARnIAQzYAQHoAQH4AQuIAgGoAgO4AtqckYsGwAIB0gIkNWVlZWJmYjQtYjUwYy00ODM2LTljNzYtOThjNDUwNjcyMWNh2AIG4AIB&sid=0deca2b9733251f456d2b3ca01f85f61&dest_id=-1416912&dest_type=city&from_beach_non_key_ufi_sr=1&group_adults=2&group_children=0&hapos=21&hpos=21&no_rooms=1&sr_order=bayesian_review_score&srepoch=1634221530&srpvid=a66e656c60c40067&ucfs=1&sig=v1pvMuwzuY&from=searchresults
;highlight_room=#hotelTmpl","['43.2112483', '5.5292235']","8,8","Doté d'une connexion Wi-Fi gratuite, l'Hôtel Les Roches Blanches Cassis est situé à 1 km du centre de Cassis et à 6 km du cap Canaille.",43.2112483,5.5292235
24,18,Cassis,43.2140359,5.5396317999999996,19.57,19.2,18.74,18.66,18.32,18.78,18.56,18.68,clear sky,scattered clouds,clear sky,few clouds,clear sky,broken clouds,few clouds,clear sky,18.81375,Villa l'Icône,"https://www.booking.com/hotel/fr/villa-l-39-icone.fr.html?aid=304142&label=gen173nr-1FCAEoggI46AdIM1gEaE2IAQGYAQ24ARnIAQzYAQHoAQH4AQuIAgGoAgO4AtqckYsGwAIB0gIkNWVlZWJmYjQtYjUwYy00ODM2LTljNzYtOThjNDUwNjcyMWNh2AIG4AIB&sid=0deca2b9733251f456d2b3ca01f85f61&dest_id=-1416912&dest_type=city&from_beach_non_key_ufi_sr=1&group_adults=2&group_children=0&hapos=25&hpos=25&no_rooms=1&sr_order=bayesian_review_score&srepoch=1634221530&srpvid=a66e656c60c40067&ucfs=1&sig=v1FY8kED7Y&from=searchresults
;highlight_room=#hotelTmpl","['43.21801848087596', ' 5.547625569263893']","8,7","Doté d'une connexion Wi-Fi gratuite et d'un jardin, l'établissement Villa l'Icône est situé à Cassis, à 2,5 km du cap Canaille. Les logements disposent d'une télévision par satellite à écran plat.",43.21801848087596,5.547625569263893
25,20,Aix en Provence,43.5298424,5.4474738,19.89,18.25,17.85,18.59,18.04,19.15,19.26,19.25,clear sky,scattered clouds,clear sky,light rain,scattered clouds,broken clouds,clear sky,clear sky,18.785,Lousoan,https://www.booking.com/hotel/fr/lousoan.fr.html?aid=304142;label=gen173nr-1FCAEoggI46AdIM1gEaE2IAQGYAQ24ARnIAQzYAQHoAQH4AQuIAgGoAgO4AtqckYsGwAIB0gIkNWVlZWJmYjQtYjUwYy00ODM2LTljNzYtOThjNDUwNjcyMWNh2AIG4AIB;sid=ebc3ddfa94a264905dca00165605918e;dest_id=-1406939;dest_type=city;dist=0;group_adults=2;group_children=0;hapos=1;hpos=1;no_rooms=1;req_adults=2;req_children=0;room1=A%2CA;sb_price_type=total;sr_order=bayesian_review_score;srepoch=1641218392;srpvid=8bf0625c31f000b3;type=total;ucfs=1&#hotelTmpl,"['43.54039389840799', ' 5.4366224920377055']","9,7","Doté d'un jardin et d'une terrasse, le Lousoan propose un hébergement à Aix-en-Provence avec une connexion Wi-Fi gratuite et une vue sur la piscine. Situé à 2,4 km de la cathédrale Saint-Sauveur, il dispose d'une piscine extérieure et d'un parking privé gratuit.",43.54039389840799,5.4366224920377055
26,20,Aix en Provence,43.5298424,5.4474738,19.89,18.25,17.85,18.59,18.04,19.15,19.26,19.25,clear sky,scattered clouds,clear sky,light rain,scattered clouds,broken clouds,clear sky,clear sky,18.785,Domaine de Saint Clair,https://www.booking.com/hotel/fr/domaine-de-saint-clair.fr.html?aid=304142;label=gen173nr-1FCAEoggI46AdIM1gEaE2IAQGYAQ24ARnIAQzYAQHoAQH4AQuIAgGoAgO4AtqckYsGwAIB0gIkNWVlZWJmYjQtYjUwYy00ODM2LTljNzYtOThjNDUwNjcyMWNh2AIG4AIB;sid=ebc3ddfa94a264905dca00165605918e;dest_id=-1406939;dest_type=city;dist=0;group_adults=2;group_children=0;hapos=2;hpos=2;no_rooms=1;req_adults=2;req_children=0;room1=A%2CA;sb_price_type=total;sr_order=bayesian_review_score;srepoch=1641218392;srpvid=8bf0625c31f000b3;type=total;ucfs=1&#hotelTmpl,"['43.49833268872379', ' 5.43353189018184']","9,6","Le Domaine de Saint Clair est une chambre d'hôtes réservée aux adultes située à Aix-en-Provence. Doté d'une piscine extérieure ouverte en saison, ce Bed & Breakfast se trouve à proximité de plusieurs attractions remarquables, à environ 3,3 km du cours Mirabeau et à 3,8 km de la cathédrale Saint-Sauveur. Une connexion Wi-Fi est disponible gratuitement dans l'ensemble de l'établissement.",43.49833268872379,5.43353189018184
27,20,Aix en Provence,43.5298424,5.4474738,19.89,18.25,17.85,18.59,18.04,19.15,19.26,19.25,clear sky,scattered clouds,clear sky,light rain,scattered clouds,broken clouds,clear sky,clear sky,18.785,Pavillon de Beauregard,https://www.booking.com/hotel/fr/pavillon-de-beauregard.fr.html?aid=304142;label=gen173nr-1FCAEoggI46AdIM1gEaE2IAQGYAQ24ARnIAQzYAQHoAQH4AQuIAgGoAgO4AtqckYsGwAIB0gIkNWVlZWJmYjQtYjUwYy00ODM2LTljNzYtOThjNDUwNjcyMWNh2AIG4AIB;sid=ebc3ddfa94a264905dca00165605918e;dest_id=-1406939;dest_type=city;dist=0;group_adults=2;group_children=0;hapos=3;hpos=3;no_rooms=1;req_adults=2;req_children=0;room1=A%2CA;sb_price_type=total;sr_order=bayesian_review_score;srepoch=1641218392;srpvid=8bf0625c31f000b3;type=total;ucfs=1&#hotelTmpl,"['43.54513633606534', ' 5.468839970619425']","9,6","Le Pavillon de Beauregard est une chambre d'hôtes située à 3,3 km d'Aix-en-Provence. Il propose un jardin, une piscine extérieure et des hébergements dotés d'une connexion Wi-Fi gratuite.",43.54513633606534,5.468839970619425
28,20,Aix en Provence,43.5298424,5.4474738,19.89,18.25,17.85,18.59,18.04,19.15,19.26,19.25,clear sky,scattered clouds,clear sky,light rain,scattered clouds,broken clouds,clear sky,clear sky,18.785,"Sweet Home studio Aix en Provence, terrasse, piscine, resto,",https://www.booking.com/hotel/fr/sweet-home-studio-aix-en-provence-terrasse-piscine-resto.fr.html?aid=304142;label=gen173nr-1FCAEoggI46AdIM1gEaE2IAQGYAQ24ARnIAQzYAQHoAQH4AQuIAgGoAgO4AtqckYsGwAIB0gIkNWVlZWJmYjQtYjUwYy00ODM2LTljNzYtOThjNDUwNjcyMWNh2AIG4AIB;sid=ebc3ddfa94a264905dca00165605918e;dest_id=-1406939;dest_type=city;dist=0;group_adults=2;group_children=0;hapos=4;hpos=4;no_rooms=1;req_adults=2;req_children=0;room1=A%2CA;sb_price_type=total;sr_order=bayesian_review_score;srepoch=1641218759;srpvid=e6ba62ada07f026d;type=total;ucfs=1&#hotelTmpl,"['43.54403340373636', ' 5.375280483126072']","9,6","Situé à Aix-en-Provence, à 7 km de la cathédrale Saint-Sauveur et du cours Mirabeau, Le Sweet Home studio Aix en Provence, terrasse, piscine, resto propose un hébergement avec une connexion Wi-Fi gratuite, la climatisation, un restaurant et une piscine extérieure ouverte en saison.",43.54403340373636,5.375280483126072
29,20,Aix en Provence,43.5298424,5.4474738,19.89,18.25,17.85,18.59,18.04,19.15,19.26,19.25,clear sky,scattered clouds,clear sky,light rain,scattered clouds,broken clouds,clear sky,clear sky,18.785,Maison Dauphine,https://www.booking.com/hotel/fr/maison-dauphine.fr.html?aid=304142;label=gen173nr-1FCAEoggI46AdIM1gEaE2IAQGYAQ24ARnIAQzYAQHoAQH4AQuIAgGoAgO4AtqckYsGwAIB0gIkNWVlZWJmYjQtYjUwYy00ODM2LTljNzYtOThjNDUwNjcyMWNh2AIG4AIB;sid=ebc3ddfa94a264905dca00165605918e;dest_id=-1406939;dest_type=city;dist=0;group_adults=2;group_children=0;hapos=5;hpos=5;no_rooms=1;req_adults=2;req_children=0;room1=A%2CA;sb_price_type=total;sr_order=bayesian_review_score;srepoch=1641218759;srpvid=e6ba62ada07f026d;type=total;ucfs=1&#hotelTmpl,"['43.52568717197688', ' 5.450371278546257']","9,6","Occupant une maison de ville du XVIIIe siècle, la Maison Dauphine propose des suites climatisées dotées d'une entrée privée, d'une connexion Wi-Fi gratuite et offrant une vue sur le jardin à Aix-en-Provence, à 270 mètres du cours Mirabeau, près de la fontaine des Quatre-Dauphins.",43.52568717197688,5.450371278546257
30,20,Aix en Provence,43.5298424,5.4474738,19.89,18.25,17.85,18.59,18.04,19.15,19.26,19.25,clear sky,scattered clouds,clear sky,light rain,scattered clouds,broken clouds,clear sky,clear sky,18.785,Les Suites du Cours & Spa,https://www.booking.com/hotel/fr/les-suites-du-cours.fr.html?aid=304142;label=gen173nr-1FCAEoggI46AdIM1gEaE2IAQGYAQ24ARnIAQzYAQHoAQH4AQuIAgGoAgO4AtqckYsGwAIB0gIkNWVlZWJmYjQtYjUwYy00ODM2LTljNzYtOThjNDUwNjcyMWNh2AIG4AIB;sid=ebc3ddfa94a264905dca00165605918e;dest_id=-1406939;dest_type=city;dist=0;group_adults=2;group_children=0;hapos=6;hpos=6;no_rooms=1;req_adults=2;req_children=0;room1=A%2CA;sb_price_type=total;sr_order=bayesian_review_score;srepoch=1641218759;srpvid=e6ba62ada07f026d;type=total;ucfs=1&#hotelTmpl,"['43.525617159939216', ' 5.450382007382612']","9,2","Installé sur le cours Mirabeau d'Aix-en-Provence, à 600 mètres de la cathédrale Saint-Sauveur, l'établissement Les Suites du Cours & Spa inclut un spa et une connexion Wi-Fi gratuite dans l'ensemble de ses locaux.",43.525617159939216,5.450382007382612
31,20,Aix en Provence,43.5298424,5.4474738,19.89,18.25,17.85,18.59,18.04,19.15,19.26,19.25,clear sky,scattered clouds,clear sky,light rain,scattered clouds,broken clouds,clear sky,clear sky,18.785,La Bastide de Ganay,https://www.booking.com/hotel/fr/la-bastide-de-ganay-aix-en-provence123456789101112.fr.html?aid=304142;label=gen173nr-1FCAEoggI46AdIM1gEaE2IAQGYAQ24ARnIAQzYAQHoAQH4AQuIAgGoAgO4AtqckYsGwAIB0gIkNWVlZWJmYjQtYjUwYy00ODM2LTljNzYtOThjNDUwNjcyMWNh2AIG4AIB;sid=ebc3ddfa94a264905dca00165605918e;dest_id=-1406939;dest_type=city;dist=0;group_adults=2;group_children=0;hapos=8;hpos=8;no_rooms=1;req_adults=2;req_children=0;room1=A%2CA;sb_price_type=total;sr_order=bayesian_review_score;srepoch=1641218759;srpvid=e6ba62ada07f026d;type=total;ucfs=1&#hotelTmpl,"['43.606747305322784', ' 5.426208105530776']","9,2","Installée à 9 km de la cathédrale Saint-Sauveur, La Bastide de Ganay vous propose un restaurant, un bar, un salon commun et une piscine extérieure de saison.",43.606747305322784,5.426208105530776
32,20,Aix en Provence,43.5298424,5.4474738,19.89,18.25,17.85,18.59,18.04,19.15,19.26,19.25,clear sky,scattered clouds,clear sky,light rain,scattered clouds,broken clouds,clear sky,clear sky,18.785,Maison Jalon,https://www.booking.com/hotel/fr/maison-jalon.fr.html?aid=304142;label=gen173nr-1FCAEoggI46AdIM1gEaE2IAQGYAQ24ARnIAQzYAQHoAQH4AQuIAgGoAgO4AtqckYsGwAIB0gIkNWVlZWJmYjQtYjUwYy00ODM2LTljNzYtOThjNDUwNjcyMWNh2AIG4AIB;sid=ebc3ddfa94a264905dca00165605918e;dest_id=-1406939;dest_type=city;dist=0;group_adults=2;group_children=0;hapos=7;hpos=7;no_rooms=1;req_adults=2;req_children=0;room1=A%2CA;sb_price_type=total;sr_order=bayesian_review_score;srepoch=1641218759;srpvid=e6ba62ada07f026d;type=total;ucfs=1&#hotelTmpl,"['43.57401165040078', ' 5.423278528293095']","9,7","Dotée d'une piscine extérieure ouverte en saison, d'un jardin et d'une terrasse, la Maison Jalon est une maison d'hôtes contemporaine située à Aix-en-Provence. Une connexion Wi-Fi est disponible gratuitement.",43.57401165040078,5.423278528293095
33,20,Aix en Provence,43.5298424,5.4474738,19.89,18.25,17.85,18.59,18.04,19.15,19.26,19.25,clear sky,scattered clouds,clear sky,light rain,scattered clouds,broken clouds,clear sky,clear sky,18.785,Aix Homes,https://www.booking.com/hotel/fr/26-cours-sextius.fr.html?label=gen173nr-1FCAEoggI46AdIM1gEaE2IAQGYAQ24ARnIAQzYAQHoAQH4AQuIAgGoAgO4AtqckYsGwAIB0gIkNWVlZWJmYjQtYjUwYy00ODM2LTljNzYtOThjNDUwNjcyMWNh2AIG4AIB&sid=ebc3ddfa94a264905dca00165605918e&aid=304142&ucfs=1&arphpl=1&dest_id=-1406939&dest_type=city&group_adults=2&req_adults=2&no_rooms=1&group_children=0&req_children=0&hpos=9&hapos=9&sr_order=bayesian_review_score&srpvid=e6ba62ada07f026d&srepoch=1641218759&from=searchresults#hotelTmpl,"['43.52883283643227', ' 5.4436334766918595']","9,2","Situé à Aix-en-Provence, à moins de 700 mètres du cours Mirabeau et de la cathédrale Saint-Sauveur, l'Aix Homes propose des hébergements avec une connexion Wi-Fi gratuite et un coin salon.",43.52883283643227,5.4436334766918595
34,20,Aix en Provence,43.5298424,5.4474738,19.89,18.25,17.85,18.59,18.04,19.15,19.26,19.25,clear sky,scattered clouds,clear sky,light rain,scattered clouds,broken clouds,clear sky,clear sky,18.785,Studios Nuitée en Provence,https://www.booking.com/hotel/fr/nuitee-en-provence.fr.html?aid=304142;label=gen173nr-1FCAEoggI46AdIM1gEaE2IAQGYAQ24ARnIAQzYAQHoAQH4AQuIAgGoAgO4AtqckYsGwAIB0gIkNWVlZWJmYjQtYjUwYy00ODM2LTljNzYtOThjNDUwNjcyMWNh2AIG4AIB;sid=ebc3ddfa94a264905dca00165605918e;dest_id=-1406939;dest_type=city;dist=0;group_adults=2;group_children=0;hapos=10;hpos=10;no_rooms=1;req_adults=2;req_children=0;room1=A%2CA;sb_price_type=total;sr_order=bayesian_review_score;srepoch=1641218759;srpvid=e6ba62ada07f026d;type=total;ucfs=1&#hotelTmpl,"['43.51404574138346', ' 5.4736693197063735']","9,3","Situé à Aix-en-Provence, le Studio Nuitée en Provence se trouve à 6 km du cours Mirabeau. La résidence possède une piscine extérieure ouverte en saison et une réception ouverte 24h/24.",43.51404574138346,5.4736693197063735
35,26,Collioure,42.52505,3.0831554,22.88,21.53,19.11,17.49,18.61,20.7,19.34,18.83,clear sky,broken clouds,clear sky,clear sky,scattered clouds,clear sky,few clouds,broken clouds,19.81125,Les hauteurs de Collioure,"https://www.booking.com/hotel/fr/les-hauteurs-de-collioure.fr.html?aid=304142&label=gen173nr-1FCAEoggI46AdIM1gEaE2IAQGYAQ24ARnIAQzYAQHoAQH4AQuIAgGoAgO4AtqckYsGwAIB0gIkNWVlZWJmYjQtYjUwYy00ODM2LTljNzYtOThjNDUwNjcyMWNh2AIG4AIB&sid=5b2592ce6b5f77c2098956a76e47451d&dest_id=-1421032&dest_type=city&from_beach_non_key_ufi_sr=1&group_adults=2&group_children=0&hapos=6&hpos=6&no_rooms=1&sr_order=bayesian_review_score&srepoch=1634221530&srpvid=766a656c0d830061&ucfs=1&from=searchresults
;highlight_room=#hotelTmpl","['42.5249596', '3.0698358']","9,5","Situé à Collioure, à 1,5 km de la plage de Racou et à 2,3 km du château royal de Collioure, l'établissement Les hauteurs de Collioure propose des hébergements avec une connexion Wi-Fi gratuite, la...",42.5249596,3.0698358
36,26,Collioure,42.52505,3.0831554,22.88,21.53,19.11,17.49,18.61,20.7,19.34,18.83,clear sky,broken clouds,clear sky,clear sky,scattered clouds,clear sky,few clouds,broken clouds,19.81125,Le 15-Appartments Collioure,"https://www.booking.com/hotel/fr/le-15-appartments-collioure.fr.html?aid=304142&label=gen173nr-1FCAEoggI46AdIM1gEaE2IAQGYAQ24ARnIAQzYAQHoAQH4AQuIAgGoAgO4AtqckYsGwAIB0gIkNWVlZWJmYjQtYjUwYy00ODM2LTljNzYtOThjNDUwNjcyMWNh2AIG4AIB&sid=5b2592ce6b5f77c2098956a76e47451d&dest_id=-1421032&dest_type=city&from_beach_non_key_ufi_sr=1&group_adults=2&group_children=0&hapos=14&hpos=14&no_rooms=1&sr_order=bayesian_review_score&srepoch=1634221530&srpvid=766a656c0d830061&ucfs=1&from=searchresults
;highlight_room=#hotelTmpl","['42.52869415283203', '3.078646421432495']","9,5",Le 15-Appartements Collioure propose des hébergements climatisés dans lesquels vous pourrez séjourner avec votre animal domestique. La ville de Roses se situe à 30 km.,42.52869415283203,3.078646421432495
37,26,Collioure,42.52505,3.0831554,22.88,21.53,19.11,17.49,18.61,20.7,19.34,18.83,clear sky,broken clouds,clear sky,clear sky,scattered clouds,clear sky,few clouds,broken clouds,19.81125,Résidence Collioure Plage,"https://www.booking.com/hotel/fr/residence-collioure-plage-appart.fr.html?aid=304142&label=gen173nr-1FCAEoggI46AdIM1gEaE2IAQGYAQ24ARnIAQzYAQHoAQH4AQuIAgGoAgO4AtqckYsGwAIB0gIkNWVlZWJmYjQtYjUwYy00ODM2LTljNzYtOThjNDUwNjcyMWNh2AIG4AIB&sid=5b2592ce6b5f77c2098956a76e47451d&dest_id=-1421032&dest_type=city&from_beach_non_key_ufi_sr=1&group_adults=2&group_children=0&hapos=1&hpos=1&no_rooms=1&sr_order=bayesian_review_score&srepoch=1634221530&srpvid=766a656c0d830061&ucfs=1&from=searchresults
;highlight_room=#hotelTmpl","['42.523805', '3.0870084']","9,4","Proposant des hébergements climatisés à Collioure, la Résidence Collioure Plage donne sur une rue piétonne menant à la plage.",42.523805,3.0870084
38,26,Collioure,42.52505,3.0831554,22.88,21.53,19.11,17.49,18.61,20.7,19.34,18.83,clear sky,broken clouds,clear sky,clear sky,scattered clouds,clear sky,few clouds,broken clouds,19.81125,Appartement Sous le Soleil,"https://www.booking.com/hotel/fr/appartement-sous-le-soleil.fr.html?aid=304142&label=gen173nr-1FCAEoggI46AdIM1gEaE2IAQGYAQ24ARnIAQzYAQHoAQH4AQuIAgGoAgO4AtqckYsGwAIB0gIkNWVlZWJmYjQtYjUwYy00ODM2LTljNzYtOThjNDUwNjcyMWNh2AIG4AIB&sid=5b2592ce6b5f77c2098956a76e47451d&dest_id=-1421032&dest_type=city&from_beach_non_key_ufi_sr=1&group_adults=2&group_children=0&hapos=2&hpos=2&no_rooms=1&sr_order=bayesian_review_score&srepoch=1634221530&srpvid=766a656c0d830061&ucfs=1&from=searchresults
;highlight_room=#hotelTmpl","['42.5246', '3.0824']","9,4","Situé à Collioure, à 1,8 km de la plage de Racou et à 1,5 km du château royal, l'Appartement Sous le Soleil dispose d'une terrasse et de la climatisation.",42.5246,3.0824
39,26,Collioure,42.52505,3.0831554,22.88,21.53,19.11,17.49,18.61,20.7,19.34,18.83,clear sky,broken clouds,clear sky,clear sky,scattered clouds,clear sky,few clouds,broken clouds,19.81125,Les Suites de Collioure,"https://www.booking.com/hotel/fr/les-suites-de-collioure.fr.html?aid=304142&label=gen173nr-1FCAEoggI46AdIM1gEaE2IAQGYAQ24ARnIAQzYAQHoAQH4AQuIAgGoAgO4AtqckYsGwAIB0gIkNWVlZWJmYjQtYjUwYy00ODM2LTljNzYtOThjNDUwNjcyMWNh2AIG4AIB&sid=5b2592ce6b5f77c2098956a76e47451d&dest_id=-1421032&dest_type=city&from_beach_non_key_ufi_sr=1&group_adults=2&group_children=0&hapos=10&hpos=10&no_rooms=1&sr_order=bayesian_review_score&srepoch=1634221530&srpvid=766a656c0d830061&ucfs=1&from=searchresults
;highlight_room=#hotelTmpl","['42.5243618', '3.0827298']","9,4","L'établissement Les Suites de Collioure est situé à Collioure, à 300 mètres du château royal et à 1,5 km du casino.",42.5243618,3.0827298
40,26,Collioure,42.52505,3.0831554,22.88,21.53,19.11,17.49,18.61,20.7,19.34,18.83,clear sky,broken clouds,clear sky,clear sky,scattered clouds,clear sky,few clouds,broken clouds,19.81125,La Chambre De Salome,"https://www.booking.com/hotel/fr/la-chambre-de-salome.fr.html?aid=304142&label=gen173nr-1FCAEoggI46AdIM1gEaE2IAQGYAQ24ARnIAQzYAQHoAQH4AQuIAgGoAgO4AtqckYsGwAIB0gIkNWVlZWJmYjQtYjUwYy00ODM2LTljNzYtOThjNDUwNjcyMWNh2AIG4AIB&sid=5b2592ce6b5f77c2098956a76e47451d&dest_id=-1421032&dest_type=city&from_beach_non_key_ufi_sr=1&group_adults=2&group_children=0&hapos=4&hpos=4&no_rooms=1&sr_order=bayesian_review_score&srepoch=1634221530&srpvid=766a656c0d830061&ucfs=1&from=searchresults
;highlight_room=#hotelTmpl","['42.5216582', '3.0768728']","9,1","Situé à Collioure, à 2,3 km de la plage de Racou et à moins de 1 km du château royal, l'établissement La Chambre De Salome propose des hébergements avec une connexion Wi-Fi gratuite, la climatisation,...",42.5216582,3.0768728
41,26,Collioure,42.52505,3.0831554,22.88,21.53,19.11,17.49,18.61,20.7,19.34,18.83,clear sky,broken clouds,clear sky,clear sky,scattered clouds,clear sky,few clouds,broken clouds,19.81125,COLLIOURE tres bel appart a 150 metres des plages avec jardin prive et parking dans residence securisee,"https://www.booking.com/hotel/fr/collioure-tres-bel-appart-a-150-metres-des-belles-plages-avec-jardin.fr.html?aid=304142&label=gen173nr-1FCAEoggI46AdIM1gEaE2IAQGYAQ24ARnIAQzYAQHoAQH4AQuIAgGoAgO4AtqckYsGwAIB0gIkNWVlZWJmYjQtYjUwYy00ODM2LTljNzYtOThjNDUwNjcyMWNh2AIG4AIB&sid=5b2592ce6b5f77c2098956a76e47451d&dest_id=-1421032&dest_type=city&from_beach_non_key_ufi_sr=1&group_adults=2&group_children=0&hapos=5&hpos=5&no_rooms=1&sr_order=bayesian_review_score&srepoch=1634221530&srpvid=766a656c0d830061&ucfs=1&from=searchresults
;highlight_room=#hotelTmpl","['42.5246', '3.0824']","9,1","COLLIOURE tres bel appart Doté d'un jardin et d'un casino, l'établissement a 150 mètres des plages avec jardin prive et parking dans residence securisee est situé à Collioure, à 2,8 km de la plage de...",42.5246,3.0824
42,26,Collioure,42.52505,3.0831554,22.88,21.53,19.11,17.49,18.61,20.7,19.34,18.83,clear sky,broken clouds,clear sky,clear sky,scattered clouds,clear sky,few clouds,broken clouds,19.81125,Appartement Charmant à Collioure,"https://www.booking.com/hotel/fr/residence-val-st-elme-collioure1.fr.html?aid=304142&label=gen173nr-1FCAEoggI46AdIM1gEaE2IAQGYAQ24ARnIAQzYAQHoAQH4AQuIAgGoAgO4AtqckYsGwAIB0gIkNWVlZWJmYjQtYjUwYy00ODM2LTljNzYtOThjNDUwNjcyMWNh2AIG4AIB&sid=5b2592ce6b5f77c2098956a76e47451d&dest_id=-1421032&dest_type=city&from_beach_non_key_ufi_sr=1&group_adults=2&group_children=0&hapos=9&hpos=9&no_rooms=1&sr_order=bayesian_review_score&srepoch=1634221530&srpvid=766a656c0d830061&ucfs=1&from=searchresults
;highlight_room=#hotelTmpl","['42.5246', '3.0824']","9,1","Situé à Collioure, à 2,7 km de la plage de Racou et à moins de 1 km du château royal de Collioure, l'Appartement Charmant à Collioure dispose d'un jardin et de la climatisation.",42.5246,3.0824
43,26,Collioure,42.52505,3.0831554,22.88,21.53,19.11,17.49,18.61,20.7,19.34,18.83,clear sky,broken clouds,clear sky,clear sky,scattered clouds,clear sky,few clouds,broken clouds,19.81125,Appartement de charme terrasse solarium au calme,"https://www.booking.com/hotel/fr/appartement-de-charme-terrasse-solarium-au-calme.fr.html?aid=304142&label=gen173nr-1FCAEoggI46AdIM1gEaE2IAQGYAQ24ARnIAQzYAQHoAQH4AQuIAgGoAgO4AtqckYsGwAIB0gIkNWVlZWJmYjQtYjUwYy00ODM2LTljNzYtOThjNDUwNjcyMWNh2AIG4AIB&sid=5b2592ce6b5f77c2098956a76e47451d&dest_id=-1421032&dest_type=city&from_beach_non_key_ufi_sr=1&group_adults=2&group_children=0&hapos=16&hpos=16&no_rooms=1&sr_order=bayesian_review_score&srepoch=1634221530&srpvid=766a656c0d830061&ucfs=1&from=searchresults
;highlight_room=#hotelTmpl","['42.5246', '3.0824']","9,1","Situé à Collioure, l'Appartement de charme terrasse solarium au calme propose un appartement doté d'un barbecue.",42.5246,3.0824
44,26,Collioure,42.52505,3.0831554,22.88,21.53,19.11,17.49,18.61,20.7,19.34,18.83,clear sky,broken clouds,clear sky,clear sky,scattered clouds,clear sky,few clouds,broken clouds,19.81125,Appartement Centre Collioure Patio Wifi Clim,"https://www.booking.com/hotel/fr/appartement-centre-collioure-patio-wifi-clim.fr.html?aid=304142&label=gen173nr-1FCAEoggI46AdIM1gEaE2IAQGYAQ24ARnIAQzYAQHoAQH4AQuIAgGoAgO4AtqckYsGwAIB0gIkNWVlZWJmYjQtYjUwYy00ODM2LTljNzYtOThjNDUwNjcyMWNh2AIG4AIB&sid=5b2592ce6b5f77c2098956a76e47451d&dest_id=-1421032&dest_type=city&from_beach_non_key_ufi_sr=1&group_adults=2&group_children=0&hapos=17&hpos=17&no_rooms=1&sr_order=bayesian_review_score&srepoch=1634221530&srpvid=766a656c0d830061&ucfs=1&from=searchresults
;highlight_room=#hotelTmpl","['42.5274048', '3.0823353']","9,1","Situé à Collioure, à moins de 2,2 km de la plage de Racou et à 300 mètres du château royal de Collioure, l'Appartement Centre Collioure Patio Wifi Sicily propose un hébergement avec une connexion...",42.5274048,3.0823353
45,26,Collioure,42.52505,3.0831554,22.88,21.53,19.11,17.49,18.61,20.7,19.34,18.83,clear sky,broken clouds,clear sky,clear sky,scattered clouds,clear sky,few clouds,broken clouds,19.81125,Le Relais Des Trois Mas,"https://www.booking.com/hotel/fr/le-relais-des-trois-mas.fr.html?aid=304142&label=gen173nr-1FCAEoggI46AdIM1gEaE2IAQGYAQ24ARnIAQzYAQHoAQH4AQuIAgGoAgO4AtqckYsGwAIB0gIkNWVlZWJmYjQtYjUwYy00ODM2LTljNzYtOThjNDUwNjcyMWNh2AIG4AIB&sid=5b2592ce6b5f77c2098956a76e47451d&dest_id=-1421032&dest_type=city&from_beach_non_key_ufi_sr=1&group_adults=2&group_children=0&hapos=3&hpos=3&no_rooms=1&sr_order=bayesian_review_score&srepoch=1634221530&srpvid=766a656c0d830061&ucfs=1&from=searchresults
;highlight_room=#hotelTmpl","['42.5236384', '3.086529']",9,"Doté d'une terrasse avec piscine donnant sur la mer Méditerranée, l'établissement Le Relais Des Trois Mas propose un hébergement confortable dans un cadre provençal.",42.5236384,3.086529
46,26,Collioure,42.52505,3.0831554,22.88,21.53,19.11,17.49,18.61,20.7,19.34,18.83,clear sky,broken clouds,clear sky,clear sky,scattered clouds,clear sky,few clouds,broken clouds,19.81125,Studio Centre Plage,"https://www.booking.com/hotel/fr/studio-centre-plage-collioure.fr.html?aid=304142&label=gen173nr-1FCAEoggI46AdIM1gEaE2IAQGYAQ24ARnIAQzYAQHoAQH4AQuIAgGoAgO4AtqckYsGwAIB0gIkNWVlZWJmYjQtYjUwYy00ODM2LTljNzYtOThjNDUwNjcyMWNh2AIG4AIB&sid=5b2592ce6b5f77c2098956a76e47451d&dest_id=-1421032&dest_type=city&from_beach_non_key_ufi_sr=1&group_adults=2&group_children=0&hapos=7&hpos=7&no_rooms=1&sr_order=bayesian_review_score&srepoch=1634221530&srpvid=766a656c0d830061&ucfs=1&from=searchresults
;highlight_room=#hotelTmpl","['42.5246', '3.0824']",9,"Le Studio Centre Plage est situé à Collioure, à 2,8 km de la plage de Racou, à moins de 1 km du château royal de Collioure et à 3 km du casino de Collioure.",42.5246,3.0824
47,26,Collioure,42.52505,3.0831554,22.88,21.53,19.11,17.49,18.61,20.7,19.34,18.83,clear sky,broken clouds,clear sky,clear sky,scattered clouds,clear sky,few clouds,broken clouds,19.81125,appart central,"https://www.booking.com/hotel/fr/appart-central-collioure.fr.html?aid=304142&label=gen173nr-1FCAEoggI46AdIM1gEaE2IAQGYAQ24ARnIAQzYAQHoAQH4AQuIAgGoAgO4AtqckYsGwAIB0gIkNWVlZWJmYjQtYjUwYy00ODM2LTljNzYtOThjNDUwNjcyMWNh2AIG4AIB&sid=5b2592ce6b5f77c2098956a76e47451d&dest_id=-1421032&dest_type=city&from_beach_non_key_ufi_sr=1&group_adults=2&group_children=0&hapos=8&hpos=8&no_rooms=1&sr_order=bayesian_review_score&srepoch=1634221530&srpvid=766a656c0d830061&ucfs=1&from=searchresults
;highlight_room=#hotelTmpl","['42.5246338', '3.0817597']",9,"Situé à Collioure, à 2,3 km de la plage de Racou et à 400 mètres du château royal, l'appart central propose la climatisation. Vous bénéficierez gratuitement d'un parking privé et d'une connexion...",42.5246338,3.0817597
48,26,Collioure,42.52505,3.0831554,22.88,21.53,19.11,17.49,18.61,20.7,19.34,18.83,clear sky,broken clouds,clear sky,clear sky,scattered clouds,clear sky,few clouds,broken clouds,19.81125,Au coeur de Collioure,"https://www.booking.com/hotel/fr/au-coeur-de-collioure.fr.html?aid=304142&label=gen173nr-1FCAEoggI46AdIM1gEaE2IAQGYAQ24ARnIAQzYAQHoAQH4AQuIAgGoAgO4AtqckYsGwAIB0gIkNWVlZWJmYjQtYjUwYy00ODM2LTljNzYtOThjNDUwNjcyMWNh2AIG4AIB&sid=5b2592ce6b5f77c2098956a76e47451d&dest_id=-1421032&dest_type=city&from_beach_non_key_ufi_sr=1&group_adults=2&group_children=0&hapos=15&hpos=15&no_rooms=1&sr_order=bayesian_review_score&srepoch=1634221530&srpvid=766a656c0d830061&ucfs=1&from=searchresults
;highlight_room=#hotelTmpl","['42.527384', '3.0846933']",9,"Situé à Collioure, à 2,3 km de la plage de Racou et à 100 mètres du château royal, l'établissement Au coeur de Collioure propose une connexion Wi-Fi gratuite et la climatisation.",42.527384,3.0846933
49,26,Collioure,42.52505,3.0831554,22.88,21.53,19.11,17.49,18.61,20.7,19.34,18.83,clear sky,broken clouds,clear sky,clear sky,scattered clouds,clear sky,few clouds,broken clouds,19.81125,Studio a Collioure avec magnifique vue sur la mer jardin clos et WiFi a 400 m de la plage,"https://www.booking.com/hotel/fr/studio-route-imperiale.fr.html?aid=304142&label=gen173nr-1FCAEoggI46AdIM1gEaE2IAQGYAQ24ARnIAQzYAQHoAQH4AQuIAgGoAgO4AtqckYsGwAIB0gIkNWVlZWJmYjQtYjUwYy00ODM2LTljNzYtOThjNDUwNjcyMWNh2AIG4AIB&sid=5b2592ce6b5f77c2098956a76e47451d&dest_id=-1421032&dest_type=city&from_beach_non_key_ufi_sr=1&group_adults=2&group_children=0&hapos=21&hpos=21&no_rooms=1&sr_order=bayesian_review_score&srepoch=1634221530&srpvid=766a656c0d830061&ucfs=1&from=searchresults
;highlight_room=#hotelTmpl","['42.522878', '3.0928156']",9,"Situé à Collioure, à seulement 600 mètres de la plage de Saint-Vincent, le Studio a Collioure avec magnifique vue sur la mer jardin clos et une connexion Wi-Fi.",42.522878,3.0928156
50,26,Collioure,42.52505,3.0831554,22.88,21.53,19.11,17.49,18.61,20.7,19.34,18.83,clear sky,broken clouds,clear sky,clear sky,scattered clouds,clear sky,few clouds,broken clouds,19.81125,Le Clos Des Orangers,"https://www.booking.com/hotel/fr/le-clos-des-orangers.fr.html?aid=304142&label=gen173nr-1FCAEoggI46AdIM1gEaE2IAQGYAQ24ARnIAQzYAQHoAQH4AQuIAgGoAgO4AtqckYsGwAIB0gIkNWVlZWJmYjQtYjUwYy00ODM2LTljNzYtOThjNDUwNjcyMWNh2AIG4AIB&sid=5b2592ce6b5f77c2098956a76e47451d&dest_id=-1421032&dest_type=city&from_beach_non_key_ufi_sr=1&group_adults=2&group_children=0&hapos=11&hpos=11&no_rooms=1&sr_order=bayesian_review_score&srepoch=1634221530&srpvid=766a656c0d830061&ucfs=1&from=searchresults
;highlight_room=#hotelTmpl","['42.5256837', '3.0818628']","8,9","Situé à Collioure, en Occitanie, à proximité du château royal de Collioure, l'établissement Le Clos Des Orangers propose des hébergements avec connexion Wi-Fi et parking privé gratuits.",42.5256837,3.0818628
51,26,Collioure,42.52505,3.0831554,22.88,21.53,19.11,17.49,18.61,20.7,19.34,18.83,clear sky,broken clouds,clear sky,clear sky,scattered clouds,clear sky,few clouds,broken clouds,19.81125,Collioure - Modern Beachside Apartment Joey,"https://www.booking.com/hotel/fr/collioure-modern-beachside-apartment-joey.fr.html?aid=304142&label=gen173nr-1FCAEoggI46AdIM1gEaE2IAQGYAQ24ARnIAQzYAQHoAQH4AQuIAgGoAgO4AtqckYsGwAIB0gIkNWVlZWJmYjQtYjUwYy00ODM2LTljNzYtOThjNDUwNjcyMWNh2AIG4AIB&sid=5b2592ce6b5f77c2098956a76e47451d&dest_id=-1421032&dest_type=city&from_beach_non_key_ufi_sr=1&group_adults=2&group_children=0&hapos=18&hpos=18&no_rooms=1&sr_order=bayesian_review_score&srepoch=1634221530&srpvid=766a656c0d830061&ucfs=1&from=searchresults
;highlight_room=#hotelTmpl","['42.5246', '3.0824']","8,9","Situé à 2,2 km du château royal et à 5 km du casino de Collioure, le Collioure - Modern Beachside Apartment Joey propose un hébergement à Collioure. Vous séjournerez à 3 km de la plage Bernardi.",42.5246,3.0824
52,26,Collioure,42.52505,3.0831554,22.88,21.53,19.11,17.49,18.61,20.7,19.34,18.83,clear sky,broken clouds,clear sky,clear sky,scattered clouds,clear sky,few clouds,broken clouds,19.81125,Le Madeloc Hôtel & Spa,"https://www.booking.com/hotel/fr/madeloc.fr.html?aid=304142&label=gen173nr-1FCAEoggI46AdIM1gEaE2IAQGYAQ24ARnIAQzYAQHoAQH4AQuIAgGoAgO4AtqckYsGwAIB0gIkNWVlZWJmYjQtYjUwYy00ODM2LTljNzYtOThjNDUwNjcyMWNh2AIG4AIB&sid=5b2592ce6b5f77c2098956a76e47451d&dest_id=-1421032&dest_type=city&from_beach_non_key_ufi_sr=1&group_adults=2&group_children=0&hapos=12&hpos=12&no_rooms=1&sr_order=bayesian_review_score&srepoch=1634221530&srpvid=766a656c0d830061&ucfs=1&from=searchresults
;highlight_room=#hotelTmpl","['42.5288345', '3.0788165']","8,8","Situé à 500 mètres du centre-ville de Collioure et à 10 minutes à pied de la plage, l'hôtel Madeloc propose une piscine extérieure chauffée ouverte toute l'année, un solarium sur le toit, un jacuzzi...",42.5288345,3.0788165
53,26,Collioure,42.52505,3.0831554,22.88,21.53,19.11,17.49,18.61,20.7,19.34,18.83,clear sky,broken clouds,clear sky,clear sky,scattered clouds,clear sky,few clouds,broken clouds,19.81125,Hôtel La Casa Pairal,"https://www.booking.com/hotel/fr/hotelcasapairal.fr.html?aid=304142&label=gen173nr-1FCAEoggI46AdIM1gEaE2IAQGYAQ24ARnIAQzYAQHoAQH4AQuIAgGoAgO4AtqckYsGwAIB0gIkNWVlZWJmYjQtYjUwYy00ODM2LTljNzYtOThjNDUwNjcyMWNh2AIG4AIB&sid=5b2592ce6b5f77c2098956a76e47451d&dest_id=-1421032&dest_type=city&from_beach_non_key_ufi_sr=1&group_adults=2&group_children=0&hapos=13&hpos=13&no_rooms=1&sr_order=bayesian_review_score&srepoch=1634221530&srpvid=766a656c0d830061&ucfs=1&from=searchresults
;highlight_room=#hotelTmpl","['42.5256723', '3.0826554']","8,7","Situé à 250 mètres de la plage et du port de Collioure, l’Hôtel La Casa Pairal propose un jardin fleuri exotique et une piscine extérieure chauffée.",42.5256723,3.0826554
54,26,Collioure,42.52505,3.0831554,22.88,21.53,19.11,17.49,18.61,20.7,19.34,18.83,clear sky,broken clouds,clear sky,clear sky,scattered clouds,clear sky,few clouds,broken clouds,19.81125,Château de la Rocasse,"https://www.booking.com/hotel/fr/chateau-de-la-rocasse.fr.html?aid=304142&label=gen173nr-1FCAEoggI46AdIM1gEaE2IAQGYAQ24ARnIAQzYAQHoAQH4AQuIAgGoAgO4AtqckYsGwAIB0gIkNWVlZWJmYjQtYjUwYy00ODM2LTljNzYtOThjNDUwNjcyMWNh2AIG4AIB&sid=5b2592ce6b5f77c2098956a76e47451d&dest_id=-1421032&dest_type=city&from_beach_non_key_ufi_sr=1&group_adults=2&group_children=0&hapos=19&hpos=19&no_rooms=1&sr_order=bayesian_review_score&srepoch=1634221530&srpvid=766a656c0d830061&ucfs=1&from=searchresults
;highlight_room=#hotelTmpl","['42.52807165662015', ' 3.086235726914546']","8,6","Situé sur le front de mer de Collioure, l'Apartment Collioure dispose d'un petit balcon avec vue sur la mer. Il se trouve à 200 mètres du château royal de Collioure.",42.52807165662015,3.086235726914546
55,26,Collioure,42.52505,3.0831554,22.88,21.53,19.11,17.49,18.61,20.7,19.34,18.83,clear sky,broken clouds,clear sky,clear sky,scattered clouds,clear sky,few clouds,broken clouds,19.81125,Les Imperiales,"https://www.booking.com/hotel/fr/les-imperiales.fr.html?aid=304142&label=gen173nr-1FCAEoggI46AdIM1gEaE2IAQGYAQ24ARnIAQzYAQHoAQH4AQuIAgGoAgO4AtqckYsGwAIB0gIkNWVlZWJmYjQtYjUwYy00ODM2LTljNzYtOThjNDUwNjcyMWNh2AIG4AIB&sid=5b2592ce6b5f77c2098956a76e47451d&dest_id=-1421032&dest_type=city&from_beach_non_key_ufi_sr=1&group_adults=2&group_children=0&hapos=20&hpos=20&no_rooms=1&sr_order=bayesian_review_score&srepoch=1634221530&srpvid=766a656c0d830061&ucfs=1&from=searchresults
;highlight_room=#hotelTmpl","['42.52435469502824', ' 3.0898500404053637']","8,6","Doté d'une connexion Wi-Fi et d'un parking privé gratuits, l'établissement Les Imperiales est situé à Collioure, à seulement 700 mètres de la plage de Saint-Vincent.",42.52435469502824,3.0898500404053637
56,26,Collioure,42.52505,3.0831554,22.88,21.53,19.11,17.49,18.61,20.7,19.34,18.83,clear sky,broken clouds,clear sky,clear sky,scattered clouds,clear sky,few clouds,broken clouds,19.81125,Les Jasmins,"https://www.booking.com/hotel/fr/chambre-d-39-hotes-les-jasmins.fr.html?aid=304142&label=gen173nr-1FCAEoggI46AdIM1gEaE2IAQGYAQ24ARnIAQzYAQHoAQH4AQuIAgGoAgO4AtqckYsGwAIB0gIkNWVlZWJmYjQtYjUwYy00ODM2LTljNzYtOThjNDUwNjcyMWNh2AIG4AIB&sid=5b2592ce6b5f77c2098956a76e47451d&dest_id=-1421032&dest_type=city&from_beach_non_key_ufi_sr=1&group_adults=2&group_children=0&hapos=22&hpos=22&no_rooms=1&sr_order=bayesian_review_score&srepoch=1634221530&srpvid=766a656c0d830061&ucfs=1&from=searchresults
;highlight_room=#hotelTmpl","['42.52386279649146', ' 3.0819792692417223']","8,5","La Chambre d'hôtes Les Jasmins est située à Collioure, à 4 minutes à pied de la plage. Une connexion Wi-Fi est disponible gratuitement. Argeles-sur-Mer se trouve à 14 minutes en voiture.",42.52386279649146,3.0819792692417223
57,26,Collioure,42.52505,3.0831554,22.88,21.53,19.11,17.49,18.61,20.7,19.34,18.83,clear sky,broken clouds,clear sky,clear sky,scattered clouds,clear sky,few clouds,broken clouds,19.81125,Duplex quartier piéton,"https://www.booking.com/hotel/fr/duplex-quartier-pieton.fr.html?aid=304142&label=gen173nr-1FCAEoggI46AdIM1gEaE2IAQGYAQ24ARnIAQzYAQHoAQH4AQuIAgGoAgO4AtqckYsGwAIB0gIkNWVlZWJmYjQtYjUwYy00ODM2LTljNzYtOThjNDUwNjcyMWNh2AIG4AIB&sid=5b2592ce6b5f77c2098956a76e47451d&dest_id=-1421032&dest_type=city&from_beach_non_key_ufi_sr=1&group_adults=2&group_children=0&hapos=23&hpos=23&no_rooms=1&sr_order=bayesian_review_score&srepoch=1634221530&srpvid=766a656c0d830061&ucfs=1&from=searchresults
;highlight_room=#hotelTmpl","['42.52690817395328', ' 3.083777755687199']","8,4","Situé à Collioure, à 2,3 km de la plage de Racou et à 70 mètres du château royal de Collioure, le Duplex quartier piéton propose des hébergements avec une connexion Wi-Fi gratuite et une télévision à...",42.52690817395328,3.083777755687199
58,26,Collioure,42.52505,3.0831554,22.88,21.53,19.11,17.49,18.61,20.7,19.34,18.83,clear sky,broken clouds,clear sky,clear sky,scattered clouds,clear sky,few clouds,broken clouds,19.81125,Les Amandiers,"https://www.booking.com/hotel/fr/les-amandiers-collioure.fr.html?aid=304142&label=gen173nr-1FCAEoggI46AdIM1gEaE2IAQGYAQ24ARnIAQzYAQHoAQH4AQuIAgGoAgO4AtqckYsGwAIB0gIkNWVlZWJmYjQtYjUwYy00ODM2LTljNzYtOThjNDUwNjcyMWNh2AIG4AIB&sid=5b2592ce6b5f77c2098956a76e47451d&dest_id=-1421032&dest_type=city&from_beach_non_key_ufi_sr=1&group_adults=2&group_children=0&hapos=24&hpos=24&no_rooms=1&sr_order=bayesian_review_score&srepoch=1634221530&srpvid=766a656c0d830061&ucfs=1&from=searchresults
;highlight_room=#hotelTmpl","['42.524434094792205', ' 3.0813153515323033']","8,3","Situé à Collioure, à moins de 2,2 km de la plage de Racou et à 500 mètres du château royal, l'établissement Les Amandiers propose des hébergements avec une connexion Wi-Fi gratuite, la climatisation,...",42.524434094792205,3.0813153515323033
59,26,Collioure,42.52505,3.0831554,22.88,21.53,19.11,17.49,18.61,20.7,19.34,18.83,clear sky,broken clouds,clear sky,clear sky,scattered clouds,clear sky,few clouds,broken clouds,19.81125,Le Mas des Citronniers,"https://www.booking.com/hotel/fr/lesmasdescitronniers.fr.html?aid=304142&label=gen173nr-1FCAEoggI46AdIM1gEaE2IAQGYAQ24ARnIAQzYAQHoAQH4AQuIAgGoAgO4AtqckYsGwAIB0gIkNWVlZWJmYjQtYjUwYy00ODM2LTljNzYtOThjNDUwNjcyMWNh2AIG4AIB&sid=5b2592ce6b5f77c2098956a76e47451d&dest_id=-1421032&dest_type=city&from_beach_non_key_ufi_sr=1&group_adults=2&group_children=0&hapos=25&hpos=25&no_rooms=1&sr_order=bayesian_review_score&srepoch=1634221530&srpvid=766a656c0d830061&ucfs=1&from=searchresults
;highlight_room=#hotelTmpl","['42.52711076667375', ' 3.0848008557508906']",8,"Situé dans le centre de Collioure, à seulement 250 mètres de la plage, le Mas des Citronniers propose des chambres climatisées dans un bâtiment traditionnel catalan.",42.52711076667375,3.0848008557508906
60,27,Carcassonne,43.21303579999999,2.3491068999999998,19.52,18.31,17.07,19.32,19.24,20.04,20.72,20.4,clear sky,scattered clouds,clear sky,clear sky,broken clouds,clear sky,few clouds,clear sky,19.3275,Sur le quai,"https://www.booking.com/hotel/fr/sur-le-quai-courtaboeuf-cedex.fr.html?aid=304142&label=gen173nr-1FCAEoggI46AdIM1gEaE2IAQGYAQ24ARnIAQzYAQHoAQH4AQuIAgGoAgO4AtqckYsGwAIB0gIkNWVlZWJmYjQtYjUwYy00ODM2LTljNzYtOThjNDUwNjcyMWNh2AIG4AIB&sid=733f31f754f5024ce705ed118e2c20c5&dest_id=-1416701&dest_type=city&group_adults=2&group_children=0&hapos=2&hpos=2&no_rooms=1&sr_order=bayesian_review_score&srepoch=1634221529&srpvid=18b1656c30740057&ucfs=1&from=searchresults
;highlight_room=#hotelTmpl","['43.209270', '2.355700']","9,9","Située à Carcassonne, la chambre d'hôtes Sur le quai propose un jardin avec une piscine extérieure ouverte en saison et une terrasse commune offrant une vue panoramique sur les remparts de la cité...",43.20927,2.3557
61,27,Carcassonne,43.21303579999999,2.3491068999999998,19.52,18.31,17.07,19.32,19.24,20.04,20.72,20.4,clear sky,scattered clouds,clear sky,clear sky,broken clouds,clear sky,few clouds,clear sky,19.3275,elletier du Claux,"https://www.booking.com/hotel/fr/pelletier-du-claux.fr.html?aid=304142&label=gen173nr-1FCAEoggI46AdIM1gEaE2IAQGYAQ24ARnIAQzYAQHoAQH4AQuIAgGoAgO4AtqckYsGwAIB0gIkNWVlZWJmYjQtYjUwYy00ODM2LTljNzYtOThjNDUwNjcyMWNh2AIG4AIB&sid=733f31f754f5024ce705ed118e2c20c5&dest_id=-1416701&dest_type=city&group_adults=2&group_children=0&hapos=5&hpos=5&no_rooms=1&sr_order=bayesian_review_score&srepoch=1634221529&srpvid=18b1656c30740057&ucfs=1&from=searchresults
;highlight_room=#hotelTmpl","['43.2090887', '2.363143']","9,9","Situé à 500 mètres du centre historique de Carcassonne, le Pelletier du Claux propose des hébergements indépendants dans un bâtiment datant du XVIe siècle.",43.2090887,2.363143
62,27,Carcassonne,43.21303579999999,2.3491068999999998,19.52,18.31,17.07,19.32,19.24,20.04,20.72,20.4,clear sky,scattered clouds,clear sky,clear sky,broken clouds,clear sky,few clouds,clear sky,19.3275,B&B La Maison Vintage,"https://www.booking.com/hotel/fr/la-maison-vintage.fr.html?aid=304142&label=gen173nr-1FCAEoggI46AdIM1gEaE2IAQGYAQ24ARnIAQzYAQHoAQH4AQuIAgGoAgO4AtqckYsGwAIB0gIkNWVlZWJmYjQtYjUwYy00ODM2LTljNzYtOThjNDUwNjcyMWNh2AIG4AIB&sid=733f31f754f5024ce705ed118e2c20c5&dest_id=-1416701&dest_type=city&group_adults=2&group_children=0&hapos=3&hpos=3&no_rooms=1&sr_order=bayesian_review_score&srepoch=1634221529&srpvid=18b1656c30740057&ucfs=1&from=searchresults
;highlight_room=#hotelTmpl","['43.2157516', '2.3472584']","9,8","Le B & B La Maison Vintage est situé à Carcassonne, à 20 minutes à pied des murs de la ville médiévale et à 100 mètres du canal du Midi.",43.2157516,2.3472584
63,27,Carcassonne,43.21303579999999,2.3491068999999998,19.52,18.31,17.07,19.32,19.24,20.04,20.72,20.4,clear sky,scattered clouds,clear sky,clear sky,broken clouds,clear sky,few clouds,clear sky,19.3275,Au Vieux Lavoir,"https://www.booking.com/hotel/fr/au-vieux-lavoir.fr.html?aid=304142&label=gen173nr-1FCAEoggI46AdIM1gEaE2IAQGYAQ24ARnIAQzYAQHoAQH4AQuIAgGoAgO4AtqckYsGwAIB0gIkNWVlZWJmYjQtYjUwYy00ODM2LTljNzYtOThjNDUwNjcyMWNh2AIG4AIB&sid=733f31f754f5024ce705ed118e2c20c5&dest_id=-1416701&dest_type=city&group_adults=2&group_children=0&hapos=8&hpos=8&no_rooms=1&sr_order=bayesian_review_score&srepoch=1634221529&srpvid=18b1656c30740057&ucfs=1&from=searchresults
;highlight_room=#hotelTmpl","['43.2126', '2.4108']","9,8",L'Au Vieux Lavoir est un appartement situé à 500 mètres de l'entrée de la cité médiévale de Carcassonne et à 900 mètres du centre-ville.,43.2126,2.4108
64,27,Carcassonne,43.21303579999999,2.3491068999999998,19.52,18.31,17.07,19.32,19.24,20.04,20.72,20.4,clear sky,scattered clouds,clear sky,clear sky,broken clouds,clear sky,few clouds,clear sky,19.3275,45BB,"https://www.booking.com/hotel/fr/45bb.fr.html?aid=304142&label=gen173nr-1FCAEoggI46AdIM1gEaE2IAQGYAQ24ARnIAQzYAQHoAQH4AQuIAgGoAgO4AtqckYsGwAIB0gIkNWVlZWJmYjQtYjUwYy00ODM2LTljNzYtOThjNDUwNjcyMWNh2AIG4AIB&sid=733f31f754f5024ce705ed118e2c20c5&dest_id=-1416701&dest_type=city&group_adults=2&group_children=0&hapos=1&hpos=1&no_rooms=1&sr_order=bayesian_review_score&srepoch=1634221529&srpvid=18b1656c30740057&ucfs=1&from=searchresults
;highlight_room=#hotelTmpl","['43.210250', '2.350140']","9,7","Situé à Carcassonne, à proximité de la cathédrale, du Memorial House (Maison des Mémoires) et de la médiathèque Grain d'Arts, le 45BB propose une connexion Wi-Fi gratuite, une piscine extérieure...",43.21025,2.35014
65,27,Carcassonne,43.21303579999999,2.3491068999999998,19.52,18.31,17.07,19.32,19.24,20.04,20.72,20.4,clear sky,scattered clouds,clear sky,clear sky,broken clouds,clear sky,few clouds,clear sky,19.3275,LA COUR CARREE,"https://www.booking.com/hotel/fr/la-cour-carree-carcassonne.fr.html?aid=304142&label=gen173nr-1FCAEoggI46AdIM1gEaE2IAQGYAQ24ARnIAQzYAQHoAQH4AQuIAgGoAgO4AtqckYsGwAIB0gIkNWVlZWJmYjQtYjUwYy00ODM2LTljNzYtOThjNDUwNjcyMWNh2AIG4AIB&sid=733f31f754f5024ce705ed118e2c20c5&dest_id=-1416701&dest_type=city&group_adults=2&group_children=0&hapos=4&hpos=4&no_rooms=1&sr_order=bayesian_review_score&srepoch=1634221529&srpvid=18b1656c30740057&ucfs=1&from=searchresults
;highlight_room=#hotelTmpl","['43.2103157043457', '2.348982572555542']","9,7","Situé à 80 mètres de la cathédrale de Carcassonne, l'établissement LA COUR CARREE propose un service de prêt de vélos, une terrasse et une réception ouverte 24h/24. La connexion Wi-Fi est gratuite.",43.2103157043457,2.348982572555542
66,27,Carcassonne,43.21303579999999,2.3491068999999998,19.52,18.31,17.07,19.32,19.24,20.04,20.72,20.4,clear sky,scattered clouds,clear sky,clear sky,broken clouds,clear sky,few clouds,clear sky,19.3275,Drissia&Othman Bella Vista,"https://www.booking.com/hotel/fr/cosy-et-au-calme-avec-terrasse-vue-cite.fr.html?aid=304142&label=gen173nr-1FCAEoggI46AdIM1gEaE2IAQGYAQ24ARnIAQzYAQHoAQH4AQuIAgGoAgO4AtqckYsGwAIB0gIkNWVlZWJmYjQtYjUwYy00ODM2LTljNzYtOThjNDUwNjcyMWNh2AIG4AIB&sid=733f31f754f5024ce705ed118e2c20c5&dest_id=-1416701&dest_type=city&group_adults=2&group_children=0&hapos=6&hpos=6&no_rooms=1&sr_order=bayesian_review_score&srepoch=1634221529&srpvid=18b1656c30740057&ucfs=1&from=searchresults
;highlight_room=#hotelTmpl","['43.2126', '2.4108']","9,7","Situé à Carcassonne, le Drissia&Othman Bella Vista propose un hébergement avec une piscine privée. Cet hébergement climatisé se trouve à 2,6 km du Mémorial (Maison des Mémoires).",43.2126,2.4108
67,27,Carcassonne,43.21303579999999,2.3491068999999998,19.52,18.31,17.07,19.32,19.24,20.04,20.72,20.4,clear sky,scattered clouds,clear sky,clear sky,broken clouds,clear sky,few clouds,clear sky,19.3275,Appartement Aloa,"https://www.booking.com/hotel/fr/aloa.fr.html?aid=304142&label=gen173nr-1FCAEoggI46AdIM1gEaE2IAQGYAQ24ARnIAQzYAQHoAQH4AQuIAgGoAgO4AtqckYsGwAIB0gIkNWVlZWJmYjQtYjUwYy00ODM2LTljNzYtOThjNDUwNjcyMWNh2AIG4AIB&sid=733f31f754f5024ce705ed118e2c20c5&dest_id=-1416701&dest_type=city&group_adults=2&group_children=0&hapos=9&hpos=9&no_rooms=1&sr_order=bayesian_review_score&srepoch=1634221529&srpvid=18b1656c30740057&ucfs=1&from=searchresults
;highlight_room=#hotelTmpl","['43.2191639', '2.355091']","9,7","Doté d'une terrasse de 50 m2, d'une salle de sport et d'une cheminée, l'Appartement Aloa propose un hébergement indépendant à Carcassonne.",43.2191639,2.355091
68,27,Carcassonne,43.21303579999999,2.3491068999999998,19.52,18.31,17.07,19.32,19.24,20.04,20.72,20.4,clear sky,scattered clouds,clear sky,clear sky,broken clouds,clear sky,few clouds,clear sky,19.3275,Bed & Breakfast L'Orangerie,"https://www.booking.com/hotel/fr/bed-amp-breakfast-l-39-orangerie-carcassonne.fr.html?aid=304142&label=gen173nr-1FCAEoggI46AdIM1gEaE2IAQGYAQ24ARnIAQzYAQHoAQH4AQuIAgGoAgO4AtqckYsGwAIB0gIkNWVlZWJmYjQtYjUwYy00ODM2LTljNzYtOThjNDUwNjcyMWNh2AIG4AIB&sid=733f31f754f5024ce705ed118e2c20c5&dest_id=-1416701&dest_type=city&group_adults=2&group_children=0&hapos=20&hpos=20&no_rooms=1&sr_order=bayesian_review_score&srepoch=1634221529&srpvid=18b1656c30740057&ucfs=1&from=searchresults
;highlight_room=#hotelTmpl","['43.2054466', '2.390836']","9,7","Doté d'une piscine extérieure chauffée et d'un bain à remous, le Bed & Breakfast L'Orangerie Carcassonne est une maison d'hôtes occupant un manoir restauré à Carcassonne.",43.2054466,2.390836
69,27,Carcassonne,43.21303579999999,2.3491068999999998,19.52,18.31,17.07,19.32,19.24,20.04,20.72,20.4,clear sky,scattered clouds,clear sky,clear sky,broken clouds,clear sky,few clouds,clear sky,19.3275,Gîte les 3 tours 1e étage,"https://www.booking.com/hotel/fr/gite-les-3-tours-1e-etage.fr.html?aid=304142&label=gen173nr-1FCAEoggI46AdIM1gEaE2IAQGYAQ24ARnIAQzYAQHoAQH4AQuIAgGoAgO4AtqckYsGwAIB0gIkNWVlZWJmYjQtYjUwYy00ODM2LTljNzYtOThjNDUwNjcyMWNh2AIG4AIB&sid=733f31f754f5024ce705ed118e2c20c5&dest_id=-1416701&dest_type=city&group_adults=2&group_children=0&hapos=23&hpos=23&no_rooms=1&sr_order=bayesian_review_score&srepoch=1634221529&srpvid=18b1656c30740057&ucfs=1&from=searchresults
;highlight_room=#hotelTmpl","['43.2126', '2.4108']","9,7","Le Gîte les 3 tours 1e étage est un hébergement situé à Carcassonne, à 1,1 km de la cathédrale et à 2,9 km de l'IUT de Perpignan.",43.2126,2.4108
70,27,Carcassonne,43.21303579999999,2.3491068999999998,19.52,18.31,17.07,19.32,19.24,20.04,20.72,20.4,clear sky,scattered clouds,clear sky,clear sky,broken clouds,clear sky,few clouds,clear sky,19.3275,Chambre privée proche de la cité,"https://www.booking.com/hotel/fr/chambre-privee-avec-petit-dej-engl.fr.html?aid=304142&label=gen173nr-1FCAEoggI46AdIM1gEaE2IAQGYAQ24ARnIAQzYAQHoAQH4AQuIAgGoAgO4AtqckYsGwAIB0gIkNWVlZWJmYjQtYjUwYy00ODM2LTljNzYtOThjNDUwNjcyMWNh2AIG4AIB&sid=733f31f754f5024ce705ed118e2c20c5&dest_id=-1416701&dest_type=city&group_adults=2&group_children=0&hapos=7&hpos=7&no_rooms=1&sr_order=bayesian_review_score&srepoch=1634221529&srpvid=18b1656c30740057&ucfs=1&from=searchresults
;highlight_room=#hotelTmpl","['43.21064', '2.3739407']","9,6","La Chambre privée proche de la cité vous accueille pour un séjour chez l’habitant à Carcassonne, à 1 km de la vieille ville médiévale. Cet établissement possède un jardin potager et une terrasse.",43.21064,2.3739407
71,27,Carcassonne,43.21303579999999,2.3491068999999998,19.52,18.31,17.07,19.32,19.24,20.04,20.72,20.4,clear sky,scattered clouds,clear sky,clear sky,broken clouds,clear sky,few clouds,clear sky,19.3275,Gîtes Les 3 Tours 2,"https://www.booking.com/hotel/fr/gites-les-3-tours-2.fr.html?aid=304142&label=gen173nr-1FCAEoggI46AdIM1gEaE2IAQGYAQ24ARnIAQzYAQHoAQH4AQuIAgGoAgO4AtqckYsGwAIB0gIkNWVlZWJmYjQtYjUwYy00ODM2LTljNzYtOThjNDUwNjcyMWNh2AIG4AIB&sid=733f31f754f5024ce705ed118e2c20c5&dest_id=-1416701&dest_type=city&group_adults=2&group_children=0&hapos=11&hpos=11&no_rooms=1&sr_order=bayesian_review_score&srepoch=1634221529&srpvid=18b1656c30740057&ucfs=1&from=searchresults
;highlight_room=#hotelTmpl","['43.2094334', '2.3649966']","9,6","Situé à Carcassonne, à 1,2 km de la Maison des Mémoires, l'établissement Gîtes Les 3 Tours 2 propose des hébergements avec une terrasse, une connexion Wi-Fi gratuite et une réception ouverte 24h/24.",43.2094334,2.3649966
72,27,Carcassonne,43.21303579999999,2.3491068999999998,19.52,18.31,17.07,19.32,19.24,20.04,20.72,20.4,clear sky,scattered clouds,clear sky,clear sky,broken clouds,clear sky,few clouds,clear sky,19.3275,Gîte Carcasso,"https://www.booking.com/hotel/fr/carcasso.fr.html?aid=304142&label=gen173nr-1FCAEoggI46AdIM1gEaE2IAQGYAQ24ARnIAQzYAQHoAQH4AQuIAgGoAgO4AtqckYsGwAIB0gIkNWVlZWJmYjQtYjUwYy00ODM2LTljNzYtOThjNDUwNjcyMWNh2AIG4AIB&sid=733f31f754f5024ce705ed118e2c20c5&dest_id=-1416701&dest_type=city&group_adults=2&group_children=0&hapos=15&hpos=15&no_rooms=1&sr_order=bayesian_review_score&srepoch=1634221529&srpvid=18b1656c30740057&ucfs=1&from=searchresults
;highlight_room=#hotelTmpl","['43.2072637', '2.3614598']","9,6","Le Gîte Carcasso est situé à proximité des remparts de la ville de Carcassonne, à 100 mètres du château médiéval et en face de l'église Saint-Gimer.",43.2072637,2.3614598
73,27,Carcassonne,43.21303579999999,2.3491068999999998,19.52,18.31,17.07,19.32,19.24,20.04,20.72,20.4,clear sky,scattered clouds,clear sky,clear sky,broken clouds,clear sky,few clouds,clear sky,19.3275,Carnot Chic,"https://www.booking.com/hotel/fr/carnot-chic.fr.html?aid=304142&label=gen173nr-1FCAEoggI46AdIM1gEaE2IAQGYAQ24ARnIAQzYAQHoAQH4AQuIAgGoAgO4AtqckYsGwAIB0gIkNWVlZWJmYjQtYjUwYy00ODM2LTljNzYtOThjNDUwNjcyMWNh2AIG4AIB&sid=733f31f754f5024ce705ed118e2c20c5&dest_id=-1416701&dest_type=city&group_adults=2&group_children=0&hapos=21&hpos=21&no_rooms=1&sr_order=bayesian_review_score&srepoch=1634221529&srpvid=18b1656c30740057&ucfs=1&from=searchresults
;highlight_room=#hotelTmpl","['43.2135346', '2.3511786']","9,6","Le Carnot Chic est situé à Carcassonne, à 100 mètres du Mémorial (Maison des Mémoires) et à 1 km de la cathédrale, dans une région où vous pourrez faire de la randonnée.",43.2135346,2.3511786
74,27,Carcassonne,43.21303579999999,2.3491068999999998,19.52,18.31,17.07,19.32,19.24,20.04,20.72,20.4,clear sky,scattered clouds,clear sky,clear sky,broken clouds,clear sky,few clouds,clear sky,19.3275,Le Cœur de la Bastide,"https://www.booking.com/hotel/fr/le-coeur-de-la-bastide.fr.html?aid=304142&label=gen173nr-1FCAEoggI46AdIM1gEaE2IAQGYAQ24ARnIAQzYAQHoAQH4AQuIAgGoAgO4AtqckYsGwAIB0gIkNWVlZWJmYjQtYjUwYy00ODM2LTljNzYtOThjNDUwNjcyMWNh2AIG4AIB&sid=733f31f754f5024ce705ed118e2c20c5&dest_id=-1416701&dest_type=city&group_adults=2&group_children=0&hapos=22&hpos=22&no_rooms=1&sr_order=bayesian_review_score&srepoch=1634221529&srpvid=18b1656c30740057&ucfs=1&from=searchresults
;highlight_room=#hotelTmpl","['43.2142307', '2.3550487']","9,6","Situé à Carcassonne, à 300 mètres du Mémorial (Maison des Mémoires) et à moins de 1 km de la cathédrale, l'établissement Le Cœur de la Bastide propose des hébergements avec une connexion Wi-Fi...",43.2142307,2.3550487
75,27,Carcassonne,43.21303579999999,2.3491068999999998,19.52,18.31,17.07,19.32,19.24,20.04,20.72,20.4,clear sky,scattered clouds,clear sky,clear sky,broken clouds,clear sky,few clouds,clear sky,19.3275,Chambres d'hotes - Le Magnolia,"https://www.booking.com/hotel/fr/b-amp-b-le-magnolia-carcassonne.fr.html?aid=304142&label=gen173nr-1FCAEoggI46AdIM1gEaE2IAQGYAQ24ARnIAQzYAQHoAQH4AQuIAgGoAgO4AtqckYsGwAIB0gIkNWVlZWJmYjQtYjUwYy00ODM2LTljNzYtOThjNDUwNjcyMWNh2AIG4AIB&sid=733f31f754f5024ce705ed118e2c20c5&dest_id=-1416701&dest_type=city&group_adults=2&group_children=0&hapos=25&hpos=25&no_rooms=1&sr_order=bayesian_review_score&srepoch=1634221529&srpvid=18b1656c30740057&ucfs=1&from=searchresults
;highlight_room=#hotelTmpl","['43.2126', '2.4108']","9,6","Installé à Carcassonne, à 2,5 km de la cathédrale et à 3,6 km de la zone commerciale Pont Rouge, le Chambres d'hotes - Le Magnolia propose des hébergements avec une connexion Wi-Fi gratuite, la...",43.2126,2.4108
76,27,Carcassonne,43.21303579999999,2.3491068999999998,19.52,18.31,17.07,19.32,19.24,20.04,20.72,20.4,clear sky,scattered clouds,clear sky,clear sky,broken clouds,clear sky,few clouds,clear sky,19.3275,B&B Les chambres d'Aimé,"https://www.booking.com/hotel/fr/les-chambres-d-39-aime.fr.html?aid=304142&label=gen173nr-1FCAEoggI46AdIM1gEaE2IAQGYAQ24ARnIAQzYAQHoAQH4AQuIAgGoAgO4AtqckYsGwAIB0gIkNWVlZWJmYjQtYjUwYy00ODM2LTljNzYtOThjNDUwNjcyMWNh2AIG4AIB&sid=733f31f754f5024ce705ed118e2c20c5&dest_id=-1416701&dest_type=city&group_adults=2&group_children=0&hapos=10&hpos=10&no_rooms=1&sr_order=bayesian_review_score&srepoch=1634221529&srpvid=18b1656c30740057&ucfs=1&from=searchresults
;highlight_room=#hotelTmpl","['43.2118403', '2.3553966']","9,5","Doté d'une connexion Wi-Fi gratuite, l'établissement Les chambres d'Aimé est une maison datant du XIXe siècle entièrement restaurée située à Carcassonne, à 20 minutes de marche de la Cité de...",43.2118403,2.3553966
77,27,Carcassonne,43.21303579999999,2.3491068999999998,19.52,18.31,17.07,19.32,19.24,20.04,20.72,20.4,clear sky,scattered clouds,clear sky,clear sky,broken clouds,clear sky,few clouds,clear sky,19.3275,Carcassonne Townhouse,"https://www.booking.com/hotel/fr/carcassonne-townhouse.fr.html?aid=304142&label=gen173nr-1FCAEoggI46AdIM1gEaE2IAQGYAQ24ARnIAQzYAQHoAQH4AQuIAgGoAgO4AtqckYsGwAIB0gIkNWVlZWJmYjQtYjUwYy00ODM2LTljNzYtOThjNDUwNjcyMWNh2AIG4AIB&sid=733f31f754f5024ce705ed118e2c20c5&dest_id=-1416701&dest_type=city&group_adults=2&group_children=0&hapos=13&hpos=13&no_rooms=1&sr_order=bayesian_review_score&srepoch=1634221529&srpvid=18b1656c30740057&ucfs=1&from=searchresults
;highlight_room=#hotelTmpl","['43.3115305', '1.8341204']","9,5","Proposant un service de prêt de vélos, le Carcassonne Townhouse est situé à 1,1 km de la Cité Médiévale et à 800 mètres de la place Carnot ainsi que des boutiques et des restaurants.",43.3115305,1.8341204
78,27,Carcassonne,43.21303579999999,2.3491068999999998,19.52,18.31,17.07,19.32,19.24,20.04,20.72,20.4,clear sky,scattered clouds,clear sky,clear sky,broken clouds,clear sky,few clouds,clear sky,19.3275,B&B Domaine de Fontète,"https://www.booking.com/hotel/fr/b-amp-b-domaine-de-fonta-te.fr.html?aid=304142&label=gen173nr-1FCAEoggI46AdIM1gEaE2IAQGYAQ24ARnIAQzYAQHoAQH4AQuIAgGoAgO4AtqckYsGwAIB0gIkNWVlZWJmYjQtYjUwYy00ODM2LTljNzYtOThjNDUwNjcyMWNh2AIG4AIB&sid=733f31f754f5024ce705ed118e2c20c5&dest_id=-1416701&dest_type=city&group_adults=2&group_children=0&hapos=14&hpos=14&no_rooms=1&sr_order=bayesian_review_score&srepoch=1634221529&srpvid=18b1656c30740057&ucfs=1&from=searchresults
;highlight_room=#hotelTmpl","['2.3950919508934', '43.2018149415358']","9,5","Située à Carcassonne, à 2 km de la cité médiévale, cette maison d'hôtes est entourée par un jardin avec des tables et des chaises.",2.3950919508934,43.2018149415358
79,27,Carcassonne,43.21303579999999,2.3491068999999998,19.52,18.31,17.07,19.32,19.24,20.04,20.72,20.4,clear sky,scattered clouds,clear sky,clear sky,broken clouds,clear sky,few clouds,clear sky,19.3275,Carcassonne Guesthouse,"https://www.booking.com/hotel/fr/carcassonne-guesthouse.fr.html?aid=304142&label=gen173nr-1FCAEoggI46AdIM1gEaE2IAQGYAQ24ARnIAQzYAQHoAQH4AQuIAgGoAgO4AtqckYsGwAIB0gIkNWVlZWJmYjQtYjUwYy00ODM2LTljNzYtOThjNDUwNjcyMWNh2AIG4AIB&sid=733f31f754f5024ce705ed118e2c20c5&dest_id=-1416701&dest_type=city&group_adults=2&group_children=0&hapos=16&hpos=16&no_rooms=1&sr_order=bayesian_review_score&srepoch=1634221529&srpvid=18b1656c30740057&ucfs=1&from=searchresults
;highlight_room=#hotelTmpl","['2.35533624887466', '43.2086936385093']","9,5",La maison d'hôtes Carcassonne Guesthouse est située à Carcassonne. L'établissement est situé sur la rivière Aude et dispose d'une terrasse commune avec vue sur le château.,2.35533624887466,43.2086936385093
80,27,Carcassonne,43.21303579999999,2.3491068999999998,19.52,18.31,17.07,19.32,19.24,20.04,20.72,20.4,clear sky,scattered clouds,clear sky,clear sky,broken clouds,clear sky,few clouds,clear sky,19.3275,Le Voltaire,"https://www.booking.com/hotel/fr/le-voltaire-carcassonne.fr.html?aid=304142&label=gen173nr-1FCAEoggI46AdIM1gEaE2IAQGYAQ24ARnIAQzYAQHoAQH4AQuIAgGoAgO4AtqckYsGwAIB0gIkNWVlZWJmYjQtYjUwYy00ODM2LTljNzYtOThjNDUwNjcyMWNh2AIG4AIB&sid=733f31f754f5024ce705ed118e2c20c5&dest_id=-1416701&dest_type=city&group_adults=2&group_children=0&hapos=17&hpos=17&no_rooms=1&sr_order=bayesian_review_score&srepoch=1634221529&srpvid=18b1656c30740057&ucfs=1&from=searchresults
;highlight_room=#hotelTmpl","['2.350457698165', '43.211155756791']","9,5","L'établissement Le Voltaire est situé à Carcassonne, à 500 mètres de la cathédrale et à 700 mètres du Mémorial. (Maison des Mémoires), dans une région où vous pourrez faire de la randonnée.",2.350457698165,43.211155756791
81,27,Carcassonne,43.21303579999999,2.3491068999999998,19.52,18.31,17.07,19.32,19.24,20.04,20.72,20.4,clear sky,scattered clouds,clear sky,clear sky,broken clouds,clear sky,few clouds,clear sky,19.3275,La Caponnière,"https://www.booking.com/hotel/fr/la-caponniere.fr.html?aid=304142&label=gen173nr-1FCAEoggI46AdIM1gEaE2IAQGYAQ24ARnIAQzYAQHoAQH4AQuIAgGoAgO4AtqckYsGwAIB0gIkNWVlZWJmYjQtYjUwYy00ODM2LTljNzYtOThjNDUwNjcyMWNh2AIG4AIB&sid=733f31f754f5024ce705ed118e2c20c5&dest_id=-1416701&dest_type=city&group_adults=2&group_children=0&hapos=19&hpos=19&no_rooms=1&sr_order=bayesian_review_score&srepoch=1634221529&srpvid=18b1656c30740057&ucfs=1&from=searchresults
;highlight_room=#hotelTmpl","['2.3612687687172', '43.2069004']","9,5","La Caponnière est une maison de vacances située au pied des remparts de Carcassonne, à seulement 30 minutes de route de Montolieu et à 45 minutes en voiture de la plage.",2.3612687687172,43.2069004
82,27,Carcassonne,43.21303579999999,2.3491068999999998,19.52,18.31,17.07,19.32,19.24,20.04,20.72,20.4,clear sky,scattered clouds,clear sky,clear sky,broken clouds,clear sky,few clouds,clear sky,19.3275,Sous les courtines,"https://www.booking.com/hotel/fr/sous-les-courtines.fr.html?aid=304142&label=gen173nr-1FCAEoggI46AdIM1gEaE2IAQGYAQ24ARnIAQzYAQHoAQH4AQuIAgGoAgO4AtqckYsGwAIB0gIkNWVlZWJmYjQtYjUwYy00ODM2LTljNzYtOThjNDUwNjcyMWNh2AIG4AIB&sid=733f31f754f5024ce705ed118e2c20c5&dest_id=-1416701&dest_type=city&group_adults=2&group_children=0&hapos=24&hpos=24&no_rooms=1&sr_order=bayesian_review_score&srepoch=1634221529&srpvid=18b1656c30740057&ucfs=1&from=searchresults
;highlight_room=#hotelTmpl","['2.36041128635145', '43.2048223184628']","9,5","Doté d'un jardin de 700 m2 et d'un barbecue, l'établissement Sous les courtines est situé à Carcassonne, à 100 mètres des remparts de la ville.",2.36041128635145,43.2048223184628
83,27,Carcassonne,43.21303579999999,2.3491068999999998,19.52,18.31,17.07,19.32,19.24,20.04,20.72,20.4,clear sky,scattered clouds,clear sky,clear sky,broken clouds,clear sky,few clouds,clear sky,19.3275,B&B-Les Balcons de Maragon,"https://www.booking.com/hotel/fr/les-balcons-d-39-auriac-cazilhac.fr.html?aid=304142&label=gen173nr-1FCAEoggI46AdIM1gEaE2IAQGYAQ24ARnIAQzYAQHoAQH4AQuIAgGoAgO4AtqckYsGwAIB0gIkNWVlZWJmYjQtYjUwYy00ODM2LTljNzYtOThjNDUwNjcyMWNh2AIG4AIB&sid=733f31f754f5024ce705ed118e2c20c5&dest_id=-1416701&dest_type=city&group_adults=2&group_children=0&hapos=18&hpos=18&no_rooms=1&sr_order=bayesian_review_score&srepoch=1634221529&srpvid=18b1656c30740057&ucfs=1&from=searchresults
;highlight_room=#hotelTmpl","['43.2126', '2.4108']","9,4","Situé à Carcassonne, le B&B-Les Balcons de Maragon propose 2 chambres et une piscine extérieure, à 3 km d'une ville fortifiée médiévale et à 500 mètres du parcours de golf de Carcassonne.",43.2126,2.4108
84,28,Foix,42.96389979999999,1.6053807,19.26,18.59,15.84,19.31,19.85,18.84,20.06,21.84,clear sky,broken clouds,clear sky,clear sky,overcast clouds,clear sky,few clouds,clear sky,19.19875,Les Trois Lions,"https://www.booking.com/hotel/fr/les-trois-lions.fr.html?aid=304142&label=gen173nr-1FCAEoggI46AdIM1gEaE2IAQGYAQ24ARnIAQzYAQHoAQH4AQuIAgGoAgO4AtqckYsGwAIB0gIkNWVlZWJmYjQtYjUwYy00ODM2LTljNzYtOThjNDUwNjcyMWNh2AIG4AIB&sid=6de0a8169972312ddb4ca45394569882&dest_id=-1427188&dest_type=city&group_adults=2&group_children=0&hapos=1&hpos=1&no_rooms=1&sr_order=bayesian_review_score&srepoch=1634221529&srpvid=b924656c6ee100e3&ucfs=1&sig=v1thXdxfTe&from=searchresults
;highlight_room=#hotelTmpl","['42.9588336', '1.5638911']","9,4","Situé à Foix, l'établissement Les Trois Lions propose un hébergement moderne avec une connexion Wi-Fi et un parking privé gratuits.",42.9588336,1.5638911
85,28,Foix,42.96389979999999,1.6053807,19.26,18.59,15.84,19.31,19.85,18.84,20.06,21.84,clear sky,broken clouds,clear sky,clear sky,overcast clouds,clear sky,few clouds,clear sky,19.19875,l'Arche des Chapeliers,"https://www.booking.com/hotel/fr/l-39-arche-des-chapeliers.fr.html?aid=304142&label=gen173nr-1FCAEoggI46AdIM1gEaE2IAQGYAQ24ARnIAQzYAQHoAQH4AQuIAgGoAgO4AtqckYsGwAIB0gIkNWVlZWJmYjQtYjUwYy00ODM2LTljNzYtOThjNDUwNjcyMWNh2AIG4AIB&sid=6de0a8169972312ddb4ca45394569882&dest_id=-1427188&dest_type=city&group_adults=2&group_children=0&hapos=2&hpos=2&no_rooms=1&sr_order=bayesian_review_score&srepoch=1634221529&srpvid=b924656c6ee100e3&ucfs=1&sig=v136IHg2jZ&from=searchresults
;highlight_room=#hotelTmpl","['42.965763092041016', '1.605759620666504']","9,2","Offrant une vue sur la ville et doté d'une terrasse, l'Arche des Chapeliers propose un hébergement idéalement situé à Foix, à proximité du château de Foix.",42.965763092041016,1.605759620666504
86,28,Foix,42.96389979999999,1.6053807,19.26,18.59,15.84,19.31,19.85,18.84,20.06,21.84,clear sky,broken clouds,clear sky,clear sky,overcast clouds,clear sky,few clouds,clear sky,19.19875,La Mirandole,"https://www.booking.com/hotel/fr/la-mirandole.fr.html?aid=304142&label=gen173nr-1FCAEoggI46AdIM1gEaE2IAQGYAQ24ARnIAQzYAQHoAQH4AQuIAgGoAgO4AtqckYsGwAIB0gIkNWVlZWJmYjQtYjUwYy00ODM2LTljNzYtOThjNDUwNjcyMWNh2AIG4AIB&sid=6de0a8169972312ddb4ca45394569882&dest_id=-1427188&dest_type=city&group_adults=2&group_children=0&hapos=5&hpos=5&no_rooms=1&sr_order=bayesian_review_score&srepoch=1634221529&srpvid=b924656c6ee100e3&ucfs=1&sig=v18ayNZJSU&from=searchresults
;highlight_room=#hotelTmpl","['43.0085', '1.5998']","9,2","Doté d'un jardin, l'établissement La Mirandole propose un hébergement à Foix avec une connexion Wi-Fi gratuite et une vue sur le jardin.",43.0085,1.5998
87,28,Foix,42.96389979999999,1.6053807,19.26,18.59,15.84,19.31,19.85,18.84,20.06,21.84,clear sky,broken clouds,clear sky,clear sky,overcast clouds,clear sky,few clouds,clear sky,19.19875,La Ciboulette,"https://www.booking.com/hotel/fr/la-ciboulette.fr.html?aid=304142&label=gen173nr-1FCAEoggI46AdIM1gEaE2IAQGYAQ24ARnIAQzYAQHoAQH4AQuIAgGoAgO4AtqckYsGwAIB0gIkNWVlZWJmYjQtYjUwYy00ODM2LTljNzYtOThjNDUwNjcyMWNh2AIG4AIB&sid=6de0a8169972312ddb4ca45394569882&dest_id=-1427188&dest_type=city&group_adults=2&group_children=0&hapos=3&hpos=3&no_rooms=1&sr_order=bayesian_review_score&srepoch=1634221529&srpvid=b924656c6ee100e3&ucfs=1&sig=v1qLbouriB&from=searchresults
;highlight_room=#hotelTmpl","['42.96667', '1.6']",9,"Doté d'une connexion Wi-Fi gratuite, l'établissement La Ciboulette est situé en périphérie de Foix, à 2 km du centre-ville. Il possède un restaurant et une terrasse.",42.96667,1.6
88,28,Foix,42.96389979999999,1.6053807,19.26,18.59,15.84,19.31,19.85,18.84,20.06,21.84,clear sky,broken clouds,clear sky,clear sky,overcast clouds,clear sky,few clouds,clear sky,19.19875,Hotel du Lac Foix,"https://www.booking.com/hotel/fr/du-lac.fr.html?aid=304142&label=gen173nr-1FCAEoggI46AdIM1gEaE2IAQGYAQ24ARnIAQzYAQHoAQH4AQuIAgGoAgO4AtqckYsGwAIB0gIkNWVlZWJmYjQtYjUwYy00ODM2LTljNzYtOThjNDUwNjcyMWNh2AIG4AIB&sid=6de0a8169972312ddb4ca45394569882&dest_id=-1427188&dest_type=city&group_adults=2&group_children=0&hapos=4&hpos=4&no_rooms=1&sr_order=bayesian_review_score&srepoch=1634221529&srpvid=b924656c6ee100e3&ucfs=1&sig=v11hqQ-qkO&from=searchresults
;highlight_room=#hotelTmpl","['43.0085', '1.5998']","8,5","Construit en 1599, l'Hotel du Lac Foix est une ancienne ferme de moutons.",43.0085,1.5998
89,28,Foix,42.96389979999999,1.6053807,19.26,18.59,15.84,19.31,19.85,18.84,20.06,21.84,clear sky,broken clouds,clear sky,clear sky,overcast clouds,clear sky,few clouds,clear sky,19.19875,Hôtel Pyrène,"https://www.booking.com/hotel/fr/pyrene.fr.html?aid=304142&label=gen173nr-1FCAEoggI46AdIM1gEaE2IAQGYAQ24ARnIAQzYAQHoAQH4AQuIAgGoAgO4AtqckYsGwAIB0gIkNWVlZWJmYjQtYjUwYy00ODM2LTljNzYtOThjNDUwNjcyMWNh2AIG4AIB&sid=6de0a8169972312ddb4ca45394569882&dest_id=-1427188&dest_type=city&group_adults=2&group_children=0&hapos=6&hpos=6&no_rooms=1&sr_order=bayesian_review_score&srepoch=1634221529&srpvid=b924656c6ee100e3&ucfs=1&sig=v1T1kJOnXc&from=searchresults
;highlight_room=#hotelTmpl","['42.95475187152914', ' 1.6245152980917985']","8,2","Doté d'un jardin de 4 300 m2, cet hôtel 3 étoiles se situe à 2 km de la gare de Foix.",42.95475187152914,1.6245152980917985
90,28,Foix,42.96389979999999,1.6053807,19.26,18.59,15.84,19.31,19.85,18.84,20.06,21.84,clear sky,broken clouds,clear sky,clear sky,overcast clouds,clear sky,few clouds,clear sky,19.19875,Brit Hotel Confort Foix,"https://www.booking.com/hotel/fr/hotel-balladins-foix-confort.fr.html?aid=304142&label=gen173nr-1FCAEoggI46AdIM1gEaE2IAQGYAQ24ARnIAQzYAQHoAQH4AQuIAgGoAgO4AtqckYsGwAIB0gIkNWVlZWJmYjQtYjUwYy00ODM2LTljNzYtOThjNDUwNjcyMWNh2AIG4AIB&sid=6de0a8169972312ddb4ca45394569882&dest_id=-1427188&dest_type=city&group_adults=2&group_children=0&hapos=7&hpos=7&no_rooms=1&sr_order=bayesian_review_score&srepoch=1634221529&srpvid=b924656c6ee100e3&ucfs=1&sig=v1Sy9PTsny&from=searchresults
;highlight_room=#hotelTmpl","['43.00604179210601', ' 1.6162518524352265']","8,1","Idéalement situé au pied des Pyrénées, le Brit Hotel Confort Foix propose des chambres bien équipées conçues pour un confort ultime avec salle de bains privative et connexion Wi-Fi gratuite.",43.00604179210601,1.6162518524352265
91,28,Foix,42.96389979999999,1.6053807,19.26,18.59,15.84,19.31,19.85,18.84,20.06,21.84,clear sky,broken clouds,clear sky,clear sky,overcast clouds,clear sky,few clouds,clear sky,19.19875,"The Originals Access, Hôtel Foix (P'tit Dej-Hotel)","https://www.booking.com/hotel/fr/campanilefoix.fr.html?aid=304142&label=gen173nr-1FCAEoggI46AdIM1gEaE2IAQGYAQ24ARnIAQzYAQHoAQH4AQuIAgGoAgO4AtqckYsGwAIB0gIkNWVlZWJmYjQtYjUwYy00ODM2LTljNzYtOThjNDUwNjcyMWNh2AIG4AIB&sid=6de0a8169972312ddb4ca45394569882&dest_id=-1427188&dest_type=city&group_adults=2&group_children=0&hapos=11&hpos=11&no_rooms=1&sr_order=bayesian_review_score&srepoch=1634221529&srpvid=b924656c6ee100e3&ucfs=1&sig=v1kkh_9G9a&from=searchresults
;highlight_room=#hotelTmpl","['42.994883477115586', ' 1.6135445677521825']",8,"L'hôtel The Originals Access, Hôtel Foix est situé à côté du parc naturel régional des Pyrénées ariégeoises, à 75 km de Toulouse. Il possède une réception ouverte 24h/24.",42.994883477115586,1.6135445677521825
92,28,Foix,42.96389979999999,1.6053807,19.26,18.59,15.84,19.31,19.85,18.84,20.06,21.84,clear sky,broken clouds,clear sky,clear sky,overcast clouds,clear sky,few clouds,clear sky,19.19875,Hôtel Restaurant Lons,"https://www.booking.com/hotel/fr/restaurant-lons.fr.html?aid=304142&label=gen173nr-1FCAEoggI46AdIM1gEaE2IAQGYAQ24ARnIAQzYAQHoAQH4AQuIAgGoAgO4AtqckYsGwAIB0gIkNWVlZWJmYjQtYjUwYy00ODM2LTljNzYtOThjNDUwNjcyMWNh2AIG4AIB&sid=6de0a8169972312ddb4ca45394569882&dest_id=-1427188&dest_type=city&group_adults=2&group_children=0&hapos=9&hpos=9&no_rooms=1&sr_order=bayesian_review_score&srepoch=1634221529&srpvid=b924656c6ee100e3&ucfs=1&sig=v1UnBHjjdV&from=searchresults
;highlight_room=#hotelTmpl","['42.96627177550983', ' 1.608923084654577']","7,9","Situé dans le centre médiéval de Foix, à la frontière du parc naturel régional des Pyrénées, l'Hotel Lons propose des chambres avec salle de bains privative et connexion Wi-Fi gratuite.",42.96627177550983,1.608923084654577
93,28,Foix,42.96389979999999,1.6053807,19.26,18.59,15.84,19.31,19.85,18.84,20.06,21.84,clear sky,broken clouds,clear sky,clear sky,overcast clouds,clear sky,few clouds,clear sky,19.19875,Camping du Lac,"https://www.booking.com/hotel/fr/camping-du-lac.fr.html?aid=304142&label=gen173nr-1FCAEoggI46AdIM1gEaE2IAQGYAQ24ARnIAQzYAQHoAQH4AQuIAgGoAgO4AtqckYsGwAIB0gIkNWVlZWJmYjQtYjUwYy00ODM2LTljNzYtOThjNDUwNjcyMWNh2AIG4AIB&sid=6de0a8169972312ddb4ca45394569882&dest_id=-1427188&dest_type=city&group_adults=2&group_children=0&hapos=10&hpos=10&no_rooms=1&sr_order=bayesian_review_score&srepoch=1634221529&srpvid=b924656c6ee100e3&ucfs=1&sig=v1685D2AlT&from=searchresults
;highlight_room=#hotelTmpl","['42.99687152856759', ' 1.6155890439780465']","7,9","Situé à seulement 150 mètres de la rivière Ariège, le Camping du Lac se trouve à 5 km du centre de Foix, en Midi-Pyrénées.",42.99687152856759,1.6155890439780465
94,28,Foix,42.96389979999999,1.6053807,19.26,18.59,15.84,19.31,19.85,18.84,20.06,21.84,clear sky,broken clouds,clear sky,clear sky,overcast clouds,clear sky,few clouds,clear sky,19.19875,Petite maison fraîche et lumineuse en plein centre-ville !,"https://www.booking.com/hotel/fr/petite-maison-fraiche-et-lumineuse-en-plein-centre-ville.fr.html?aid=304142&label=gen173nr-1FCAEoggI46AdIM1gEaE2IAQGYAQ24ARnIAQzYAQHoAQH4AQuIAgGoAgO4AtqckYsGwAIB0gIkNWVlZWJmYjQtYjUwYy00ODM2LTljNzYtOThjNDUwNjcyMWNh2AIG4AIB&sid=6de0a8169972312ddb4ca45394569882&dest_id=-1427188&dest_type=city&group_adults=2&group_children=0&hapos=8&hpos=8&no_rooms=1&sr_order=bayesian_review_score&srepoch=1634221529&srpvid=b924656c6ee100e3&ucfs=1&sig=v1ylm36Xc6&from=searchresults
;highlight_room=#hotelTmpl","['42.964735079710984', ' 1.6091420036556066']","7,7","Petite maison fraîche et lumineuse en plein centre-ville ! Situé à Foix, à 700 mètres du château de Foix, le Foix propose un hébergement avec connexion Wi-Fi gratuite.",42.964735079710984,1.6091420036556066
95,28,Foix,42.96389979999999,1.6053807,19.26,18.59,15.84,19.31,19.85,18.84,20.06,21.84,clear sky,broken clouds,clear sky,clear sky,overcast clouds,clear sky,few clouds,clear sky,19.19875,Le Saint Vincent,"https://www.booking.com/hotel/fr/le-saint-vincent-foix.fr.html?aid=304142&label=gen173nr-1FCAEoggI46AdIM1gEaE2IAQGYAQ24ARnIAQzYAQHoAQH4AQuIAgGoAgO4AtqckYsGwAIB0gIkNWVlZWJmYjQtYjUwYy00ODM2LTljNzYtOThjNDUwNjcyMWNh2AIG4AIB&sid=6de0a8169972312ddb4ca45394569882&dest_id=-1427188&dest_type=city&group_adults=2&group_children=0&hapos=12&hpos=12&no_rooms=1&sr_order=bayesian_review_score&srepoch=1634221529&srpvid=b924656c6ee100e3&ucfs=1&sig=v1QAXOYK_Y&from=searchresults
;highlight_room=#hotelTmpl","['42.96545662452939', ' 1.6093818073645776']","7,6","Situé à Foix, à moins de 700 mètres du château, l'établissement Le Saint Vincent propose des hébergements dotés d'une connexion Wi-Fi gratuite et d'une télévision à écran plat.",42.96545662452939,1.6093818073645776
